Sector,Company Name,Industry,Symbol,Series,ISIN Code
nifty100,ABB India Ltd.,Capital Goods,ABB,EQ,INE117A01022
nifty100,Adani Energy Solutions Ltd.,Power,ADANIENSOL,EQ,INE931S01010
nifty100,Adani Enterprises Ltd.,Metals & Mining,ADANIENT,EQ,INE423A01024
nifty100,Adani Green Energy Ltd.,Power,ADANIGREEN,EQ,INE364U01010
nifty100,Adani Ports and Special Economic Zone Ltd.,Services,ADANIPORTS,EQ,INE742F01042
nifty100,Adani Power Ltd.,Power,ADANIPOWER,EQ,INE814H01029
nifty100,Ambuja Cements Ltd.,Construction Materials,AMBUJACEM,EQ,INE079A01024
nifty100,Apollo Hospitals Enterprise Ltd.,Healthcare,APOLLOHOSP,EQ,INE437A01024
nifty100,Asian Paints Ltd.,Consumer Durables,ASIANPAINT,EQ,INE021A01026
nifty100,Axis Bank Ltd.,Financial Services,AXISBANK,EQ,INE238A01034
nifty100,Bajaj Auto Ltd.,Automobile and Auto Components,BAJAJ-AUTO,EQ,INE917I01010
nifty100,Bajaj Finserv Ltd.,Financial Services,BAJAJFINSV,EQ,INE918I01026
nifty100,Bajaj Holdings & Investment Ltd.,Financial Services,BAJAJHLDNG,EQ,INE118A01012
nifty100,Bajaj Finance Ltd.,Financial Services,BAJFINANCE,EQ,INE296A01032
nifty100,Bank of Baroda,Financial Services,BANKBARODA,EQ,INE028A01039
nifty100,Bharat Electronics Ltd.,Capital Goods,BEL,EQ,INE263A01024
nifty100,Bharti Airtel Ltd.,Telecommunication,BHARTIARTL,EQ,INE397D01024
nifty100,Bosch Ltd.,Automobile and Auto Components,BOSCHLTD,EQ,INE323A01026
nifty100,Bharat Petroleum Corporation Ltd.,Oil Gas & Consumable Fuels,BPCL,EQ,INE029A01011
nifty100,Britannia Industries Ltd.,Fast Moving Consumer Goods,BRITANNIA,EQ,INE216A01030
nifty100,Canara Bank,Financial Services,CANBK,EQ,INE476A01022
nifty100,CG Power and Industrial Solutions Ltd.,Capital Goods,CGPOWER,EQ,INE067A01029
nifty100,Cholamandalam Investment and Finance Company Ltd.,Financial Services,CHOLAFIN,EQ,INE121A01024
nifty100,Cipla Ltd.,Healthcare,CIPLA,EQ,INE059A01026
nifty100,Coal India Ltd.,Oil Gas & Consumable Fuels,COALINDIA,EQ,INE522F01014
nifty100,Cummins India Ltd.,Capital Goods,CUMMINSIND,EQ,INE298A01020
nifty100,Divi's Laboratories Ltd.,Healthcare,DIVISLAB,EQ,INE361B01024
nifty100,DLF Ltd.,Realty,DLF,EQ,INE271C01023
nifty100,Avenue Supermarts Ltd.,Consumer Services,DMART,EQ,INE192R01011
nifty100,Dr. Reddy's Laboratories Ltd.,Healthcare,DRREDDY,EQ,INE089A01031
nifty100,Eicher Motors Ltd.,Automobile and Auto Components,EICHERMOT,EQ,INE066A01021
nifty100,Siemens Energy India Ltd.,Capital Goods,ENRIN,EQ,INE1NPP01017
nifty100,Eternal Ltd.,Consumer Services,ETERNAL,EQ,INE758T01015
nifty100,GAIL (India) Ltd.,Oil Gas & Consumable Fuels,GAIL,EQ,INE129A01019
nifty100,Godrej Consumer Products Ltd.,Fast Moving Consumer Goods,GODREJCP,EQ,INE102D01028
nifty100,Grasim Industries Ltd.,Construction Materials,GRASIM,EQ,INE047A01021
nifty100,Hindustan Aeronautics Ltd.,Capital Goods,HAL,EQ,INE066F01020
nifty100,HCL Technologies Ltd.,Information Technology,HCLTECH,EQ,INE860A01027
nifty100,HDFC Asset Management Company Ltd.,Financial Services,HDFCAMC,EQ,INE127D01025
nifty100,HDFC Bank Ltd.,Financial Services,HDFCBANK,EQ,INE040A01034
nifty100,HDFC Life Insurance Company Ltd.,Financial Services,HDFCLIFE,EQ,INE795G01014
nifty100,Hindalco Industries Ltd.,Metals & Mining,HINDALCO,EQ,INE038A01020
nifty100,Hindustan Unilever Ltd.,Fast Moving Consumer Goods,HINDUNILVR,EQ,INE030A01027
nifty100,Hindustan Zinc Ltd.,Metals & Mining,HINDZINC,EQ,INE267A01025
nifty100,Hyundai Motor India Ltd.,Automobile and Auto Components,HYUNDAI,EQ,INE0V6F01027
nifty100,ICICI Bank Ltd.,Financial Services,ICICIBANK,EQ,INE090A01021
nifty100,Indian Hotels Co. Ltd.,Consumer Services,INDHOTEL,EQ,INE053A01029
nifty100,InterGlobe Aviation Ltd.,Services,INDIGO,EQ,INE646L01027
nifty100,Infosys Ltd.,Information Technology,INFY,EQ,INE009A01021
nifty100,Indian Oil Corporation Ltd.,Oil Gas & Consumable Fuels,IOC,EQ,INE242A01010
nifty100,Indian Railway Finance Corporation Ltd.,Financial Services,IRFC,EQ,INE053F01010
nifty100,ITC Ltd.,Fast Moving Consumer Goods,ITC,EQ,INE154A01025
nifty100,Jindal Steel Ltd.,Metals & Mining,JINDALSTEL,EQ,INE749A01030
nifty100,Jio Financial Services Ltd.,Financial Services,JIOFIN,EQ,INE758E01017
nifty100,JSW Steel Ltd.,Metals & Mining,JSWSTEEL,EQ,INE019A01038
nifty100,Kotak Mahindra Bank Ltd.,Financial Services,KOTAKBANK,EQ,INE237A01036
nifty100,Lodha Developers Ltd.,Realty,LODHA,EQ,INE670K01029
nifty100,Larsen & Toubro Ltd.,Construction,LT,EQ,INE018A01030
nifty100,LTM Ltd.,Information Technology,LTM,EQ,INE214T01019
nifty100,Mahindra & Mahindra Ltd.,Automobile and Auto Components,M&M,EQ,INE101A01026
nifty100,Maruti Suzuki India Ltd.,Automobile and Auto Components,MARUTI,EQ,INE585B01010
nifty100,Max Healthcare Institute Ltd.,Healthcare,MAXHEALTH,EQ,INE027H01010
nifty100,Mazagoan Dock Shipbuilders Ltd.,Capital Goods,MAZDOCK,EQ,INE249Z01020
nifty100,Samvardhana Motherson International Ltd.,Automobile and Auto Components,MOTHERSON,EQ,INE775A01035
nifty100,Muthoot Finance Ltd.,Financial Services,MUTHOOTFIN,EQ,INE414G01012
nifty100,Nestle India Ltd.,Fast Moving Consumer Goods,NESTLEIND,EQ,INE239A01024
nifty100,NTPC Ltd.,Power,NTPC,EQ,INE733E01010
nifty100,Oil & Natural Gas Corporation Ltd.,Oil Gas & Consumable Fuels,ONGC,EQ,INE213A01029
nifty100,Power Finance Corporation Ltd.,Financial Services,PFC,EQ,INE134E01011
nifty100,Pidilite Industries Ltd.,Chemicals,PIDILITIND,EQ,INE318A01026
nifty100,Punjab National Bank,Financial Services,PNB,EQ,INE160A01022
nifty100,Power Grid Corporation of India Ltd.,Power,POWERGRID,EQ,INE752E01010
nifty100,REC Ltd.,Financial Services,RECLTD,EQ,INE020B01018
nifty100,Reliance Industries Ltd.,Oil Gas & Consumable Fuels,RELIANCE,EQ,INE002A01018
nifty100,SBI Life Insurance Company Ltd.,Financial Services,SBILIFE,EQ,INE123W01016
nifty100,State Bank of India,Financial Services,SBIN,EQ,INE062A01020
nifty100,Shree Cement Ltd.,Construction Materials,SHREECEM,EQ,INE070A01015
nifty100,Shriram Finance Ltd.,Financial Services,SHRIRAMFIN,EQ,INE721A01047
nifty100,Siemens Ltd.,Capital Goods,SIEMENS,EQ,INE003A01024
nifty100,Solar Industries India Ltd.,Chemicals,SOLARINDS,EQ,INE343H01029
nifty100,Sun Pharmaceutical Industries Ltd.,Healthcare,SUNPHARMA,EQ,INE044A01036
nifty100,Tata Capital Ltd.,Financial Services,TATACAP,EQ,INE976I01016
nifty100,Tata Consumer Products Ltd.,Fast Moving Consumer Goods,TATACONSUM,EQ,INE192A01025
nifty100,Tata Power Co. Ltd.,Power,TATAPOWER,EQ,INE245A01021
nifty100,Tata Steel Ltd.,Metals & Mining,TATASTEEL,EQ,INE081A01020
nifty100,Tata Consultancy Services Ltd.,Information Technology,TCS,EQ,INE467B01029
nifty100,Tech Mahindra Ltd.,Information Technology,TECHM,EQ,INE669C01036
nifty100,Titan Company Ltd.,Consumer Durables,TITAN,EQ,INE280A01028
nifty100,Tata Motors Ltd.,Capital Goods,TMCV,EQ,INE1TAE01010
nifty100,Tata Motors Passenger Vehicles Ltd.,Automobile and Auto Components,TMPV,EQ,INE155A01022
nifty100,Torrent Pharmaceuticals Ltd.,Healthcare,TORNTPHARM,EQ,INE685A01028
nifty100,Trent Ltd.,Consumer Services,TRENT,EQ,INE849A01020
nifty100,TVS Motor Company Ltd.,Automobile and Auto Components,TVSMOTOR,EQ,INE494B01023
nifty100,UltraTech Cement Ltd.,Construction Materials,ULTRACEMCO,EQ,INE481G01011
nifty100,Union Bank of India,Financial Services,UNIONBANK,EQ,INE692A01016
nifty100,United Spirits Ltd.,Fast Moving Consumer Goods,UNITDSPR,EQ,INE854D01024
nifty100,Varun Beverages Ltd.,Fast Moving Consumer Goods,VBL,EQ,INE200M01039
nifty100,Vedanta Ltd.,Metals & Mining,VEDL,EQ,INE205A01025
nifty100,Wipro Ltd.,Information Technology,WIPRO,EQ,INE075A01022
nifty100,Zydus Lifesciences Ltd.,Healthcare,ZYDUSLIFE,EQ,INE010B01027
nifty200,360 ONE WAM Ltd.,Financial Services,360ONE,EQ,INE466L01038
nifty200,ABB India Ltd.,Capital Goods,ABB,EQ,INE117A01022
nifty200,Aditya Birla Capital Ltd.,Financial Services,ABCAPITAL,EQ,INE674K01013
nifty200,Adani Energy Solutions Ltd.,Power,ADANIENSOL,EQ,INE931S01010
nifty200,Adani Enterprises Ltd.,Metals & Mining,ADANIENT,EQ,INE423A01024
nifty200,Adani Green Energy Ltd.,Power,ADANIGREEN,EQ,INE364U01010
nifty200,Adani Ports and Special Economic Zone Ltd.,Services,ADANIPORTS,EQ,INE742F01042
nifty200,Adani Power Ltd.,Power,ADANIPOWER,EQ,INE814H01029
nifty200,Alkem Laboratories Ltd.,Healthcare,ALKEM,EQ,INE540L01014
nifty200,Ambuja Cements Ltd.,Construction Materials,AMBUJACEM,EQ,INE079A01024
nifty200,APL Apollo Tubes Ltd.,Capital Goods,APLAPOLLO,EQ,INE702C01027
nifty200,Apollo Hospitals Enterprise Ltd.,Healthcare,APOLLOHOSP,EQ,INE437A01024
nifty200,Ashok Leyland Ltd.,Capital Goods,ASHOKLEY,EQ,INE208A01029
nifty200,Asian Paints Ltd.,Consumer Durables,ASIANPAINT,EQ,INE021A01026
nifty200,Astral Ltd.,Capital Goods,ASTRAL,EQ,INE006I01046
nifty200,Adani Total Gas Ltd.,Oil Gas & Consumable Fuels,ATGL,EQ,INE399L01023
nifty200,AU Small Finance Bank Ltd.,Financial Services,AUBANK,EQ,INE949L01017
nifty200,Aurobindo Pharma Ltd.,Healthcare,AUROPHARMA,EQ,INE406A01037
nifty200,Axis Bank Ltd.,Financial Services,AXISBANK,EQ,INE238A01034
nifty200,Bajaj Auto Ltd.,Automobile and Auto Components,BAJAJ-AUTO,EQ,INE917I01010
nifty200,Bajaj Finserv Ltd.,Financial Services,BAJAJFINSV,EQ,INE918I01026
nifty200,Bajaj Holdings & Investment Ltd.,Financial Services,BAJAJHLDNG,EQ,INE118A01012
nifty200,Bajaj Finance Ltd.,Financial Services,BAJFINANCE,EQ,INE296A01032
nifty200,Bank of Baroda,Financial Services,BANKBARODA,EQ,INE028A01039
nifty200,Bank of India,Financial Services,BANKINDIA,EQ,INE084A01016
nifty200,Bharat Dynamics Ltd.,Capital Goods,BDL,EQ,INE171Z01026
nifty200,Bharat Electronics Ltd.,Capital Goods,BEL,EQ,INE263A01024
nifty200,Bharat Forge Ltd.,Automobile and Auto Components,BHARATFORG,EQ,INE465A01025
nifty200,Bharti Airtel Ltd.,Telecommunication,BHARTIARTL,EQ,INE397D01024
nifty200,Bharat Heavy Electricals Ltd.,Capital Goods,BHEL,EQ,INE257A01026
nifty200,Biocon Ltd.,Healthcare,BIOCON,EQ,INE376G01013
nifty200,Blue Star Ltd.,Consumer Durables,BLUESTARCO,EQ,INE472A01039
nifty200,Bosch Ltd.,Automobile and Auto Components,BOSCHLTD,EQ,INE323A01026
nifty200,Bharat Petroleum Corporation Ltd.,Oil Gas & Consumable Fuels,BPCL,EQ,INE029A01011
nifty200,Britannia Industries Ltd.,Fast Moving Consumer Goods,BRITANNIA,EQ,INE216A01030
nifty200,BSE Ltd.,Financial Services,BSE,EQ,INE118H01025
nifty200,Canara Bank,Financial Services,CANBK,EQ,INE476A01022
nifty200,CG Power and Industrial Solutions Ltd.,Capital Goods,CGPOWER,EQ,INE067A01029
nifty200,Cholamandalam Investment and Finance Company Ltd.,Financial Services,CHOLAFIN,EQ,INE121A01024
nifty200,Cipla Ltd.,Healthcare,CIPLA,EQ,INE059A01026
nifty200,Coal India Ltd.,Oil Gas & Consumable Fuels,COALINDIA,EQ,INE522F01014
nifty200,Cochin Shipyard Ltd.,Capital Goods,COCHINSHIP,EQ,INE704P01025
nifty200,Coforge Ltd.,Information Technology,COFORGE,EQ,INE591G01025
nifty200,Colgate Palmolive (India) Ltd.,Fast Moving Consumer Goods,COLPAL,EQ,INE259A01022
nifty200,Container Corporation of India Ltd.,Services,CONCOR,EQ,INE111A01025
nifty200,Coromandel International Ltd.,Chemicals,COROMANDEL,EQ,INE169A01031
nifty200,Cummins India Ltd.,Capital Goods,CUMMINSIND,EQ,INE298A01020
nifty200,Dabur India Ltd.,Fast Moving Consumer Goods,DABUR,EQ,INE016A01026
nifty200,Divi's Laboratories Ltd.,Healthcare,DIVISLAB,EQ,INE361B01024
nifty200,Dixon Technologies (India) Ltd.,Consumer Durables,DIXON,EQ,INE935N01020
nifty200,DLF Ltd.,Realty,DLF,EQ,INE271C01023
nifty200,Avenue Supermarts Ltd.,Consumer Services,DMART,EQ,INE192R01011
nifty200,Dr. Reddy's Laboratories Ltd.,Healthcare,DRREDDY,EQ,INE089A01031
nifty200,Eicher Motors Ltd.,Automobile and Auto Components,EICHERMOT,EQ,INE066A01021
nifty200,Siemens Energy India Ltd.,Capital Goods,ENRIN,EQ,INE1NPP01017
nifty200,Eternal Ltd.,Consumer Services,ETERNAL,EQ,INE758T01015
nifty200,Exide Industries Ltd.,Automobile and Auto Components,EXIDEIND,EQ,INE302A01020
nifty200,Federal Bank Ltd.,Financial Services,FEDERALBNK,EQ,INE171A01029
nifty200,Fortis Healthcare Ltd.,Healthcare,FORTIS,EQ,INE061F01013
nifty200,GAIL (India) Ltd.,Oil Gas & Consumable Fuels,GAIL,EQ,INE129A01019
nifty200,Glenmark Pharmaceuticals Ltd.,Healthcare,GLENMARK,EQ,INE935A01035
nifty200,GMR Airports Ltd.,Services,GMRAIRPORT,EQ,INE776C01039
nifty200,Godfrey Phillips India Ltd.,Fast Moving Consumer Goods,GODFRYPHLP,EQ,INE260B01028
nifty200,Godrej Consumer Products Ltd.,Fast Moving Consumer Goods,GODREJCP,EQ,INE102D01028
nifty200,Godrej Properties Ltd.,Realty,GODREJPROP,EQ,INE484J01027
nifty200,Grasim Industries Ltd.,Construction Materials,GRASIM,EQ,INE047A01021
nifty200,Billionbrains Garage Ventures Ltd.,Financial Services,GROWW,EQ,INE0HOQ01053
nifty200,GE Vernova T&D India Ltd.,Capital Goods,GVT&D,EQ,INE200A01026
nifty200,Hindustan Aeronautics Ltd.,Capital Goods,HAL,EQ,INE066F01020
nifty200,Havells India Ltd.,Consumer Durables,HAVELLS,EQ,INE176B01034
nifty200,HCL Technologies Ltd.,Information Technology,HCLTECH,EQ,INE860A01027
nifty200,HDFC Asset Management Company Ltd.,Financial Services,HDFCAMC,EQ,INE127D01025
nifty200,HDFC Bank Ltd.,Financial Services,HDFCBANK,EQ,INE040A01034
nifty200,HDFC Life Insurance Company Ltd.,Financial Services,HDFCLIFE,EQ,INE795G01014
nifty200,Hero MotoCorp Ltd.,Automobile and Auto Components,HEROMOTOCO,EQ,INE158A01026
nifty200,Hindalco Industries Ltd.,Metals & Mining,HINDALCO,EQ,INE038A01020
nifty200,Hindustan Petroleum Corporation Ltd.,Oil Gas & Consumable Fuels,HINDPETRO,EQ,INE094A01015
nifty200,Hindustan Unilever Ltd.,Fast Moving Consumer Goods,HINDUNILVR,EQ,INE030A01027
nifty200,Hindustan Zinc Ltd.,Metals & Mining,HINDZINC,EQ,INE267A01025
nifty200,Housing & Urban Development Corporation Ltd.,Financial Services,HUDCO,EQ,INE031A01017
nifty200,Hyundai Motor India Ltd.,Automobile and Auto Components,HYUNDAI,EQ,INE0V6F01027
nifty200,ICICI Prudential Asset Management Company Ltd.,Financial Services,ICICIAMC,EQ,INE346A01027
nifty200,ICICI Bank Ltd.,Financial Services,ICICIBANK,EQ,INE090A01021
nifty200,ICICI Lombard General Insurance Company Ltd.,Financial Services,ICICIGI,EQ,INE765G01017
nifty200,Vodafone Idea Ltd.,Telecommunication,IDEA,EQ,INE669E01016
nifty200,IDFC First Bank Ltd.,Financial Services,IDFCFIRSTB,EQ,INE092T01019
nifty200,Indian Hotels Co. Ltd.,Consumer Services,INDHOTEL,EQ,INE053A01029
nifty200,Indian Bank,Financial Services,INDIANB,EQ,INE562A01011
nifty200,InterGlobe Aviation Ltd.,Services,INDIGO,EQ,INE646L01027
nifty200,IndusInd Bank Ltd.,Financial Services,INDUSINDBK,EQ,INE095A01012
nifty200,Indus Towers Ltd.,Telecommunication,INDUSTOWER,EQ,INE121J01017
nifty200,Infosys Ltd.,Information Technology,INFY,EQ,INE009A01021
nifty200,Indian Oil Corporation Ltd.,Oil Gas & Consumable Fuels,IOC,EQ,INE242A01010
nifty200,Indian Railway Catering And Tourism Corporation Ltd.,Consumer Services,IRCTC,EQ,INE335Y01020
nifty200,Indian Renewable Energy Development Agency Ltd.,Financial Services,IREDA,EQ,INE202E01016
nifty200,Indian Railway Finance Corporation Ltd.,Financial Services,IRFC,EQ,INE053F01010
nifty200,ITC Ltd.,Fast Moving Consumer Goods,ITC,EQ,INE154A01025
nifty200,Jindal Steel Ltd.,Metals & Mining,JINDALSTEL,EQ,INE749A01030
nifty200,Jio Financial Services Ltd.,Financial Services,JIOFIN,EQ,INE758E01017
nifty200,JSW Energy Ltd.,Power,JSWENERGY,EQ,INE121E01018
nifty200,JSW Steel Ltd.,Metals & Mining,JSWSTEEL,EQ,INE019A01038
nifty200,Jubilant Foodworks Ltd.,Consumer Services,JUBLFOOD,EQ,INE797F01020
nifty200,Kalyan Jewellers India Ltd.,Consumer Durables,KALYANKJIL,EQ,INE303R01014
nifty200,KEI Industries Ltd.,Capital Goods,KEI,EQ,INE878B01027
nifty200,Kotak Mahindra Bank Ltd.,Financial Services,KOTAKBANK,EQ,INE237A01036
nifty200,KPIT Technologies Ltd.,Information Technology,KPITTECH,EQ,INE04I401011
nifty200,Laurus Labs Ltd.,Healthcare,LAURUSLABS,EQ,INE947Q01028
nifty200,Lenskart Solutions Ltd.,Consumer Services,LENSKART,EQ,INE956O01016
nifty200,LG Electronics India Ltd.,Consumer Durables,LGEINDIA,EQ,INE324D01010
nifty200,LIC Housing Finance Ltd.,Financial Services,LICHSGFIN,EQ,INE115A01026
nifty200,Lodha Developers Ltd.,Realty,LODHA,EQ,INE670K01029
nifty200,Larsen & Toubro Ltd.,Construction,LT,EQ,INE018A01030
nifty200,L&T Finance Ltd.,Financial Services,LTF,EQ,INE498L01015
nifty200,LTM Ltd.,Information Technology,LTM,EQ,INE214T01019
nifty200,Lupin Ltd.,Healthcare,LUPIN,EQ,INE326A01037
nifty200,Mahindra & Mahindra Ltd.,Automobile and Auto Components,M&M,EQ,INE101A01026
nifty200,Mahindra & Mahindra Financial Services Ltd.,Financial Services,M&MFIN,EQ,INE774D01024
nifty200,Mankind Pharma Ltd.,Healthcare,MANKIND,EQ,INE634S01028
nifty200,Marico Ltd.,Fast Moving Consumer Goods,MARICO,EQ,INE196A01026
nifty200,Maruti Suzuki India Ltd.,Automobile and Auto Components,MARUTI,EQ,INE585B01010
nifty200,Max Healthcare Institute Ltd.,Healthcare,MAXHEALTH,EQ,INE027H01010
nifty200,Mazagoan Dock Shipbuilders Ltd.,Capital Goods,MAZDOCK,EQ,INE249Z01020
nifty200,Multi Commodity Exchange of India Ltd.,Financial Services,MCX,EQ,INE745G01043
nifty200,Max Financial Services Ltd.,Financial Services,MFSL,EQ,INE180A01020
nifty200,Samvardhana Motherson International Ltd.,Automobile and Auto Components,MOTHERSON,EQ,INE775A01035
nifty200,Motilal Oswal Financial Services Ltd.,Financial Services,MOTILALOFS,EQ,INE338I01027
nifty200,MphasiS Ltd.,Information Technology,MPHASIS,EQ,INE356A01018
nifty200,MRF Ltd.,Automobile and Auto Components,MRF,EQ,INE883A01011
nifty200,Muthoot Finance Ltd.,Financial Services,MUTHOOTFIN,EQ,INE414G01012
nifty200,National Aluminium Co. Ltd.,Metals & Mining,NATIONALUM,EQ,INE139A01034
nifty200,Info Edge (India) Ltd.,Consumer Services,NAUKRI,EQ,INE663F01032
nifty200,Nestle India Ltd.,Fast Moving Consumer Goods,NESTLEIND,EQ,INE239A01024
nifty200,NHPC Ltd.,Power,NHPC,EQ,INE848E01016
nifty200,NMDC Ltd.,Metals & Mining,NMDC,EQ,INE584A01023
nifty200,NTPC Ltd.,Power,NTPC,EQ,INE733E01010
nifty200,FSN E-Commerce Ventures Ltd.,Consumer Services,NYKAA,EQ,INE388Y01029
nifty200,Oberoi Realty Ltd.,Realty,OBEROIRLTY,EQ,INE093I01010
nifty200,Oracle Financial Services Software Ltd.,Information Technology,OFSS,EQ,INE881D01027
nifty200,Oil India Ltd.,Oil Gas & Consumable Fuels,OIL,EQ,INE274J01014
nifty200,Oil & Natural Gas Corporation Ltd.,Oil Gas & Consumable Fuels,ONGC,EQ,INE213A01029
nifty200,Page Industries Ltd.,Textiles,PAGEIND,EQ,INE761H01022
nifty200,Patanjali Foods Ltd.,Fast Moving Consumer Goods,PATANJALI,EQ,INE619A01035
nifty200,One 97 Communications Ltd.,Financial Services,PAYTM,EQ,INE982J01020
nifty200,Persistent Systems Ltd.,Information Technology,PERSISTENT,EQ,INE262H01021
nifty200,Power Finance Corporation Ltd.,Financial Services,PFC,EQ,INE134E01011
nifty200,Phoenix Mills Ltd.,Realty,PHOENIXLTD,EQ,INE211B01039
nifty200,Pidilite Industries Ltd.,Chemicals,PIDILITIND,EQ,INE318A01026
nifty200,PI Industries Ltd.,Chemicals,PIIND,EQ,INE603J01030
nifty200,Punjab National Bank,Financial Services,PNB,EQ,INE160A01022
nifty200,PB Fintech Ltd.,Financial Services,POLICYBZR,EQ,INE417T01026
nifty200,Polycab India Ltd.,Capital Goods,POLYCAB,EQ,INE455K01017
nifty200,Power Grid Corporation of India Ltd.,Power,POWERGRID,EQ,INE752E01010
nifty200,Hitachi Energy India Ltd.,Capital Goods,POWERINDIA,EQ,INE07Y701011
nifty200,Premier Energies Ltd.,Capital Goods,PREMIERENE,EQ,INE0BS701011
nifty200,Prestige Estates Projects Ltd.,Realty,PRESTIGE,EQ,INE811K01011
nifty200,Radico Khaitan Ltd,Fast Moving Consumer Goods,RADICO,EQ,INE944F01028
nifty200,REC Ltd.,Financial Services,RECLTD,EQ,INE020B01018
nifty200,Reliance Industries Ltd.,Oil Gas & Consumable Fuels,RELIANCE,EQ,INE002A01018
nifty200,Rail Vikas Nigam Ltd.,Construction,RVNL,EQ,INE415G01027
nifty200,Steel Authority of India Ltd.,Metals & Mining,SAIL,EQ,INE114A01011
nifty200,SBI Cards and Payment Services Ltd.,Financial Services,SBICARD,EQ,INE018E01016
nifty200,SBI Life Insurance Company Ltd.,Financial Services,SBILIFE,EQ,INE123W01016
nifty200,State Bank of India,Financial Services,SBIN,EQ,INE062A01020
nifty200,Shree Cement Ltd.,Construction Materials,SHREECEM,EQ,INE070A01015
nifty200,Shriram Finance Ltd.,Financial Services,SHRIRAMFIN,EQ,INE721A01047
nifty200,Siemens Ltd.,Capital Goods,SIEMENS,EQ,INE003A01024
nifty200,Solar Industries India Ltd.,Chemicals,SOLARINDS,EQ,INE343H01029
nifty200,SRF Ltd.,Chemicals,SRF,EQ,INE647A01010
nifty200,Sun Pharmaceutical Industries Ltd.,Healthcare,SUNPHARMA,EQ,INE044A01036
nifty200,Supreme Industries Ltd.,Capital Goods,SUPREMEIND,EQ,INE195A01028
nifty200,Suzlon Energy Ltd.,Capital Goods,SUZLON,EQ,INE040H01021
nifty200,Swiggy Ltd.,Consumer Services,SWIGGY,EQ,INE00H001014
nifty200,Tata Capital Ltd.,Financial Services,TATACAP,EQ,INE976I01016
nifty200,Tata Communications Ltd.,Telecommunication,TATACOMM,EQ,INE151A01013
nifty200,Tata Consumer Products Ltd.,Fast Moving Consumer Goods,TATACONSUM,EQ,INE192A01025
nifty200,Tata Elxsi Ltd.,Information Technology,TATAELXSI,EQ,INE670A01012
nifty200,Tata Investment Corporation Ltd.,Financial Services,TATAINVEST,EQ,INE672A01026
nifty200,Tata Power Co. Ltd.,Power,TATAPOWER,EQ,INE245A01021
nifty200,Tata Steel Ltd.,Metals & Mining,TATASTEEL,EQ,INE081A01020
nifty200,Tata Consultancy Services Ltd.,Information Technology,TCS,EQ,INE467B01029
nifty200,Tech Mahindra Ltd.,Information Technology,TECHM,EQ,INE669C01036
nifty200,Tube Investments of India Ltd.,Automobile and Auto Components,TIINDIA,EQ,INE974X01010
nifty200,Titan Company Ltd.,Consumer Durables,TITAN,EQ,INE280A01028
nifty200,Tata Motors Ltd.,Capital Goods,TMCV,EQ,INE1TAE01010
nifty200,Tata Motors Passenger Vehicles Ltd.,Automobile and Auto Components,TMPV,EQ,INE155A01022
nifty200,Torrent Pharmaceuticals Ltd.,Healthcare,TORNTPHARM,EQ,INE685A01028
nifty200,Trent Ltd.,Consumer Services,TRENT,EQ,INE849A01020
nifty200,TVS Motor Company Ltd.,Automobile and Auto Components,TVSMOTOR,EQ,INE494B01023
nifty200,UltraTech Cement Ltd.,Construction Materials,ULTRACEMCO,EQ,INE481G01011
nifty200,Union Bank of India,Financial Services,UNIONBANK,EQ,INE692A01016
nifty200,United Spirits Ltd.,Fast Moving Consumer Goods,UNITDSPR,EQ,INE854D01024
nifty200,UPL Ltd.,Chemicals,UPL,EQ,INE628A01036
nifty200,Varun Beverages Ltd.,Fast Moving Consumer Goods,VBL,EQ,INE200M01039
nifty200,Vedanta Ltd.,Metals & Mining,VEDL,EQ,INE205A01025
nifty200,Vishal Mega Mart Ltd.,Consumer Services,VMM,EQ,INE01EA01019
nifty200,Voltas Ltd.,Consumer Durables,VOLTAS,EQ,INE226A01021
nifty200,Waaree Energies Ltd.,Capital Goods,WAAREEENER,EQ,INE377N01017
nifty200,Wipro Ltd.,Information Technology,WIPRO,EQ,INE075A01022
nifty200,Yes Bank Ltd.,Financial Services,YESBANK,EQ,INE528G01035
nifty200,Zydus Lifesciences Ltd.,Healthcare,ZYDUSLIFE,EQ,INE010B01027
nifty500,360 ONE WAM Ltd.,Financial Services,360ONE,EQ,INE466L01038
nifty500,3M India Ltd.,Diversified,3MINDIA,EQ,INE470A01017
nifty500,Aadhar Housing Finance Ltd.,Financial Services,AADHARHFC,EQ,INE883F01010
nifty500,Aarti Industries Ltd.,Chemicals,AARTIIND,EQ,INE769A01020
nifty500,Aavas Financiers Ltd.,Financial Services,AAVAS,EQ,INE216P01012
nifty500,ABB India Ltd.,Capital Goods,ABB,EQ,INE117A01022
nifty500,Abbott India Ltd.,Healthcare,ABBOTINDIA,EQ,INE358A01014
nifty500,Aditya Birla Capital Ltd.,Financial Services,ABCAPITAL,EQ,INE674K01013
nifty500,Allied Blenders and Distillers Ltd.,Fast Moving Consumer Goods,ABDL,EQ,INE552Z01027
nifty500,Aditya Birla Fashion and Retail Ltd.,Consumer Services,ABFRL,EQ,INE647O01011
nifty500,Aditya Birla Lifestyle Brands Ltd.,Consumer Services,ABLBL,EQ,INE14LE01019
nifty500,Aditya Birla Real Estate Ltd.,Realty,ABREL,EQ,INE055A01016
nifty500,Aditya Birla Sun Life AMC Ltd.,Financial Services,ABSLAMC,EQ,INE404A01024
nifty500,ACC Ltd.,Construction Materials,ACC,EQ,INE012A01025
nifty500,Action Construction Equipment Ltd.,Capital Goods,ACE,EQ,INE731H01025
nifty500,ACME Solar Holdings Ltd.,Power,ACMESOLAR,EQ,INE622W01025
nifty500,Acutaas Chemicals Ltd.,Healthcare,ACUTAAS,EQ,INE00FF01025
nifty500,Adani Energy Solutions Ltd.,Power,ADANIENSOL,EQ,INE931S01010
nifty500,Adani Enterprises Ltd.,Metals & Mining,ADANIENT,EQ,INE423A01024
nifty500,Adani Green Energy Ltd.,Power,ADANIGREEN,EQ,INE364U01010
nifty500,Adani Ports and Special Economic Zone Ltd.,Services,ADANIPORTS,EQ,INE742F01042
nifty500,Adani Power Ltd.,Power,ADANIPOWER,EQ,INE814H01029
nifty500,Aegis Logistics Ltd.,Oil Gas & Consumable Fuels,AEGISLOG,EQ,INE208C01025
nifty500,Aegis Vopak Terminals Ltd.,Oil Gas & Consumable Fuels,AEGISVOPAK,EQ,INE0INX01018
nifty500,Afcons Infrastructure Ltd.,Construction,AFCONS,EQ,INE101I01011
nifty500,Affle 3i Ltd.,Information Technology,AFFLE,EQ,INE00WC01027
nifty500,AIA Engineering Ltd.,Capital Goods,AIAENG,EQ,INE212H01026
nifty500,Authum Investment & Infrastructure Ltd.,Financial Services,AIIL,EQ,INE206F01022
nifty500,Ajanta Pharmaceuticals Ltd.,Healthcare,AJANTPHARM,EQ,INE031B01049
nifty500,Alkem Laboratories Ltd.,Healthcare,ALKEM,EQ,INE540L01014
nifty500,Amber Enterprises India Ltd.,Consumer Durables,AMBER,EQ,INE371P01015
nifty500,Ambuja Cements Ltd.,Construction Materials,AMBUJACEM,EQ,INE079A01024
nifty500,Anand Rathi Wealth Ltd.,Financial Services,ANANDRATHI,EQ,INE463V01026
nifty500,Anant Raj Ltd.,Realty,ANANTRAJ,EQ,INE242C01024
nifty500,Angel One Ltd.,Financial Services,ANGELONE,EQ,INE732I01021
nifty500,Anthem Biosciences Ltd.,Healthcare,ANTHEM,EQ,INE0CZ201020
nifty500,Anupam Rasayan India Ltd.,Chemicals,ANURAS,EQ,INE930P01018
nifty500,Apar Industries Ltd.,Capital Goods,APARINDS,EQ,INE372A01015
nifty500,APL Apollo Tubes Ltd.,Capital Goods,APLAPOLLO,EQ,INE702C01027
nifty500,Apollo Hospitals Enterprise Ltd.,Healthcare,APOLLOHOSP,EQ,INE437A01024
nifty500,Apollo Tyres Ltd.,Automobile and Auto Components,APOLLOTYRE,EQ,INE438A01022
nifty500,Aptus Value Housing Finance India Ltd.,Financial Services,APTUS,EQ,INE852O01025
nifty500,Amara Raja Energy & Mobility Ltd.,Automobile and Auto Components,ARE&M,EQ,INE885A01032
nifty500,Asahi India Glass Ltd.,Automobile and Auto Components,ASAHIINDIA,EQ,INE439A01020
nifty500,Ashok Leyland Ltd.,Capital Goods,ASHOKLEY,EQ,INE208A01029
nifty500,Asian Paints Ltd.,Consumer Durables,ASIANPAINT,EQ,INE021A01026
nifty500,Aster DM Quality Care Ltd.,Healthcare,ASTERDM,EQ,INE914M01019
nifty500,Astral Ltd.,Capital Goods,ASTRAL,EQ,INE006I01046
nifty500,Adani Total Gas Ltd.,Oil Gas & Consumable Fuels,ATGL,EQ,INE399L01023
nifty500,Ather Energy Ltd.,Automobile and Auto Components,ATHERENERG,EQ,INE0LEZ01016
nifty500,Atul Ltd.,Chemicals,ATUL,EQ,INE100A01010
nifty500,AU Small Finance Bank Ltd.,Financial Services,AUBANK,EQ,INE949L01017
nifty500,Aurobindo Pharma Ltd.,Healthcare,AUROPHARMA,EQ,INE406A01037
nifty500,AWL Agri Business Ltd.,Fast Moving Consumer Goods,AWL,EQ,INE699H01024
nifty500,Axis Bank Ltd.,Financial Services,AXISBANK,EQ,INE238A01034
nifty500,Bajaj Auto Ltd.,Automobile and Auto Components,BAJAJ-AUTO,EQ,INE917I01010
nifty500,Bajaj Finserv Ltd.,Financial Services,BAJAJFINSV,EQ,INE918I01026
nifty500,Bajaj Housing Finance Ltd.,Financial Services,BAJAJHFL,EQ,INE377Y01014
nifty500,Bajaj Holdings & Investment Ltd.,Financial Services,BAJAJHLDNG,EQ,INE118A01012
nifty500,Bajaj Finance Ltd.,Financial Services,BAJFINANCE,EQ,INE296A01032
nifty500,Balkrishna Industries Ltd.,Automobile and Auto Components,BALKRISIND,EQ,INE787D01026
nifty500,Balrampur Chini Mills Ltd.,Fast Moving Consumer Goods,BALRAMCHIN,EQ,INE119A01028
nifty500,Bandhan Bank Ltd.,Financial Services,BANDHANBNK,EQ,INE545U01014
nifty500,Bank of Baroda,Financial Services,BANKBARODA,EQ,INE028A01039
nifty500,Bank of India,Financial Services,BANKINDIA,EQ,INE084A01016
nifty500,Bata India Ltd.,Consumer Durables,BATAINDIA,EQ,INE176A01028
nifty500,Bayer Cropscience Ltd.,Chemicals,BAYERCROP,EQ,INE462A01022
nifty500,Bombay Burmah Trading Corporation Ltd.,Fast Moving Consumer Goods,BBTC,EQ,INE050A01025
nifty500,Bharat Dynamics Ltd.,Capital Goods,BDL,EQ,INE171Z01026
nifty500,Bharat Electronics Ltd.,Capital Goods,BEL,EQ,INE263A01024
nifty500,Belrise Industries Ltd.,Automobile and Auto Components,BELRISE,EQ,INE894V01022
nifty500,BEML Ltd.,Capital Goods,BEML,EQ,INE258A01024
nifty500,Berger Paints India Ltd.,Consumer Durables,BERGEPAINT,EQ,INE463A01038
nifty500,Bharat Forge Ltd.,Automobile and Auto Components,BHARATFORG,EQ,INE465A01025
nifty500,Bharti Airtel Ltd.,Telecommunication,BHARTIARTL,EQ,INE397D01024
nifty500,Bharti Hexacom Ltd.,Telecommunication,BHARTIHEXA,EQ,INE343G01021
nifty500,Bharat Heavy Electricals Ltd.,Capital Goods,BHEL,EQ,INE257A01026
nifty500,Bikaji Foods International Ltd.,Fast Moving Consumer Goods,BIKAJI,EQ,INE00E101023
nifty500,Biocon Ltd.,Healthcare,BIOCON,EQ,INE376G01013
nifty500,BLS International Services Ltd.,Consumer Services,BLS,EQ,INE153T01027
nifty500,Blue Dart Express Ltd.,Services,BLUEDART,EQ,INE233B01017
nifty500,Blue Jet Healthcare Ltd.,Healthcare,BLUEJET,EQ,INE0KBH01020
nifty500,Blue Star Ltd.,Consumer Durables,BLUESTARCO,EQ,INE472A01039
nifty500,Bosch Ltd.,Automobile and Auto Components,BOSCHLTD,EQ,INE323A01026
nifty500,Bharat Petroleum Corporation Ltd.,Oil Gas & Consumable Fuels,BPCL,EQ,INE029A01011
nifty500,Brigade Enterprises Ltd.,Realty,BRIGADE,EQ,INE791I01019
nifty500,Britannia Industries Ltd.,Fast Moving Consumer Goods,BRITANNIA,EQ,INE216A01030
nifty500,BSE Ltd.,Financial Services,BSE,EQ,INE118H01025
nifty500,Birlasoft Ltd.,Information Technology,BSOFT,EQ,INE836A01035
nifty500,Computer Age Management Services Ltd.,Financial Services,CAMS,EQ,INE596I01020
nifty500,Canara Bank,Financial Services,CANBK,EQ,INE476A01022
nifty500,Can Fin Homes Ltd.,Financial Services,CANFINHOME,EQ,INE477A01020
nifty500,Canara HSBC Life Insurance Company Ltd.,Financial Services,CANHLIFE,EQ,INE01TY01017
nifty500,Caplin Point Laboratories Ltd.,Healthcare,CAPLIPOINT,EQ,INE475E01026
nifty500,Carborundum Universal Ltd.,Capital Goods,CARBORUNIV,EQ,INE120A01034
nifty500,Cartrade Tech Ltd.,Consumer Services,CARTRADE,EQ,INE290S01011
nifty500,Castrol India Ltd.,Oil Gas & Consumable Fuels,CASTROLIND,EQ,INE172A01027
nifty500,CCL Products (I) Ltd.,Fast Moving Consumer Goods,CCL,EQ,INE421D01022
nifty500,Central Depository Services (India) Ltd.,Financial Services,CDSL,EQ,INE736A01011
nifty500,Ceat Ltd.,Automobile and Auto Components,CEATLTD,EQ,INE482A01020
nifty500,Cemindia Projects Ltd.,Construction,CEMPRO,EQ,INE686A01026
nifty500,Central Bank of India,Financial Services,CENTRALBK,EQ,INE483A01010
nifty500,CESC Ltd.,Power,CESC,EQ,INE486A01021
nifty500,Capri Global Capital Ltd.,Financial Services,CGCL,EQ,INE180C01042
nifty500,CG Power and Industrial Solutions Ltd.,Capital Goods,CGPOWER,EQ,INE067A01029
nifty500,Chalet Hotels Ltd.,Consumer Services,CHALET,EQ,INE427F01016
nifty500,Chambal Fertilizers & Chemicals Ltd.,Chemicals,CHAMBLFERT,EQ,INE085A01013
nifty500,Chennai Petroleum Corporation Ltd.,Oil Gas & Consumable Fuels,CHENNPETRO,EQ,INE178A01016
nifty500,Choice International Ltd.,Financial Services,CHOICEIN,EQ,INE102B01014
nifty500,Cholamandalam Investment and Finance Company Ltd.,Financial Services,CHOLAFIN,EQ,INE121A01024
nifty500,Cholamandalam Financial Holdings Ltd.,Financial Services,CHOLAHLDNG,EQ,INE149A01033
nifty500,CIE Automotive India Ltd.,Automobile and Auto Components,CIEINDIA,EQ,INE536H01010
nifty500,Cipla Ltd.,Healthcare,CIPLA,EQ,INE059A01026
nifty500,Clean Science and Technology Ltd.,Chemicals,CLEAN,EQ,INE227W01023
nifty500,Coal India Ltd.,Oil Gas & Consumable Fuels,COALINDIA,EQ,INE522F01014
nifty500,Cochin Shipyard Ltd.,Capital Goods,COCHINSHIP,EQ,INE704P01025
nifty500,Coforge Ltd.,Information Technology,COFORGE,EQ,INE591G01025
nifty500,Cohance Lifesciences Ltd.,Healthcare,COHANCE,EQ,INE03QK01018
nifty500,Colgate Palmolive (India) Ltd.,Fast Moving Consumer Goods,COLPAL,EQ,INE259A01022
nifty500,Container Corporation of India Ltd.,Services,CONCOR,EQ,INE111A01025
nifty500,Concord Biotech Ltd.,Healthcare,CONCORDBIO,EQ,INE338H01029
nifty500,Coromandel International Ltd.,Chemicals,COROMANDEL,EQ,INE169A01031
nifty500,Aditya Infotech Ltd.,Capital Goods,CPPLUS,EQ,INE819V01029
nifty500,Craftsman Automation Ltd.,Automobile and Auto Components,CRAFTSMAN,EQ,INE00LO01017
nifty500,CreditAccess Grameen Ltd.,Financial Services,CREDITACC,EQ,INE741K01010
nifty500,CRISIL Ltd.,Financial Services,CRISIL,EQ,INE007A01025
nifty500,Crompton Greaves Consumer Electricals Ltd.,Consumer Durables,CROMPTON,EQ,INE299U01018
nifty500,City Union Bank Ltd.,Financial Services,CUB,EQ,INE491A01021
nifty500,Cummins India Ltd.,Capital Goods,CUMMINSIND,EQ,INE298A01020
nifty500,Cyient Ltd.,Information Technology,CYIENT,EQ,INE136B01020
nifty500,Dabur India Ltd.,Fast Moving Consumer Goods,DABUR,EQ,INE016A01026
nifty500,Dalmia Bharat Ltd.,Construction Materials,DALBHARAT,EQ,INE00R701025
nifty500,Data Patterns (India) Ltd.,Capital Goods,DATAPATTNS,EQ,INE0IX101010
nifty500,DCM Shriram Ltd.,Diversified,DCMSHRIRAM,EQ,INE499A01024
nifty500,Deepak Fertilisers & Petrochemicals Corp. Ltd.,Chemicals,DEEPAKFERT,EQ,INE501A01019
nifty500,Deepak Nitrite Ltd.,Chemicals,DEEPAKNTR,EQ,INE288B01029
nifty500,Delhivery Ltd.,Services,DELHIVERY,EQ,INE148O01028
nifty500,Devyani International Ltd.,Consumer Services,DEVYANI,EQ,INE872J01023
nifty500,Divi's Laboratories Ltd.,Healthcare,DIVISLAB,EQ,INE361B01024
nifty500,Dixon Technologies (India) Ltd.,Consumer Durables,DIXON,EQ,INE935N01020
nifty500,DLF Ltd.,Realty,DLF,EQ,INE271C01023
nifty500,Avenue Supermarts Ltd.,Consumer Services,DMART,EQ,INE192R01011
nifty500,DOMS Industries Ltd.,Fast Moving Consumer Goods,DOMS,EQ,INE321T01012
nifty500,Dr. Reddy's Laboratories Ltd.,Healthcare,DRREDDY,EQ,INE089A01031
nifty500,eClerx Services Ltd.,Services,ECLERX,EQ,INE738I01010
nifty500,Eicher Motors Ltd.,Automobile and Auto Components,EICHERMOT,EQ,INE066A01021
nifty500,E.I.D. Parry (India) Ltd.,Fast Moving Consumer Goods,EIDPARRY,EQ,INE126A01031
nifty500,EIH Ltd.,Consumer Services,EIHOTEL,EQ,INE230A01023
nifty500,Elecon Engineering Co. Ltd.,Capital Goods,ELECON,EQ,INE205B01031
nifty500,Elgi Equipments Ltd.,Capital Goods,ELGIEQUIP,EQ,INE285A01027
nifty500,Emami Ltd.,Fast Moving Consumer Goods,EMAMILTD,EQ,INE548C01032
nifty500,Emcure Pharmaceuticals Ltd.,Healthcare,EMCURE,EQ,INE168P01015
nifty500,Emmvee Photovoltaic Power Ltd.,Capital Goods,EMMVEE,EQ,INE1C6T01020
nifty500,Endurance Technologies Ltd.,Automobile and Auto Components,ENDURANCE,EQ,INE913H01037
nifty500,Engineers India Ltd.,Construction,ENGINERSIN,EQ,INE510A01028
nifty500,Siemens Energy India Ltd.,Capital Goods,ENRIN,EQ,INE1NPP01017
nifty500,Eris Lifesciences Ltd.,Healthcare,ERIS,EQ,INE406M01024
nifty500,Escorts Kubota Ltd.,Capital Goods,ESCORTS,EQ,INE042A01014
nifty500,Eternal Ltd.,Consumer Services,ETERNAL,EQ,INE758T01015
nifty500,Exide Industries Ltd.,Automobile and Auto Components,EXIDEIND,EQ,INE302A01020
nifty500,Fertilisers and Chemicals Travancore Ltd.,Chemicals,FACT,EQ,INE188A01015
nifty500,Federal Bank Ltd.,Financial Services,FEDERALBNK,EQ,INE171A01029
nifty500,Finolex Cables Ltd.,Capital Goods,FINCABLES,EQ,INE235A01022
nifty500,Brainbees Solutions Ltd.,Consumer Services,FIRSTCRY,EQ,INE02RE01045
nifty500,Five-Star Business Finance Ltd.,Financial Services,FIVESTAR,EQ,INE128S01021
nifty500,Gujarat Fluorochemicals Ltd.,Chemicals,FLUOROCHEM,EQ,INE09N301011
nifty500,Force Motors Ltd.,Automobile and Auto Components,FORCEMOT,EQ,INE451A01017
nifty500,Fortis Healthcare Ltd.,Healthcare,FORTIS,EQ,INE061F01013
nifty500,Firstsource Solutions Ltd.,Services,FSL,EQ,INE684F01012
nifty500,Gabriel India Ltd.,Automobile and Auto Components,GABRIEL,EQ,INE524A01029
nifty500,GAIL (India) Ltd.,Oil Gas & Consumable Fuels,GAIL,EQ,INE129A01019
nifty500,Gallantt Ispat Ltd.,Capital Goods,GALLANTT,EQ,INE297H01019
nifty500,Great Eastern Shipping Co. Ltd.,Services,GESHIP,EQ,INE017A01032
nifty500,General Insurance Corporation of India,Financial Services,GICRE,EQ,INE481Y01014
nifty500,Gillette India Ltd.,Fast Moving Consumer Goods,GILLETTE,EQ,INE322A01010
nifty500,Gland Pharma Ltd.,Healthcare,GLAND,EQ,INE068V01023
nifty500,Glaxosmithkline Pharmaceuticals Ltd.,Healthcare,GLAXO,EQ,INE159A01016
nifty500,Glenmark Pharmaceuticals Ltd.,Healthcare,GLENMARK,EQ,INE935A01035
nifty500,Gujarat Mineral Development Corporation Ltd.,Metals & Mining,GMDCLTD,EQ,INE131A01031
nifty500,GMR Airports Ltd.,Services,GMRAIRPORT,EQ,INE776C01039
nifty500,Godfrey Phillips India Ltd.,Fast Moving Consumer Goods,GODFRYPHLP,EQ,INE260B01028
nifty500,Go Digit General Insurance Ltd.,Financial Services,GODIGIT,EQ,INE03JT01014
nifty500,Godrej Consumer Products Ltd.,Fast Moving Consumer Goods,GODREJCP,EQ,INE102D01028
nifty500,Godrej Industries Ltd.,Diversified,GODREJIND,EQ,INE233A01035
nifty500,Godrej Properties Ltd.,Realty,GODREJPROP,EQ,INE484J01027
nifty500,Godawari Power & Ispat Ltd.,Capital Goods,GPIL,EQ,INE177H01039
nifty500,Granules India Ltd.,Healthcare,GRANULES,EQ,INE101D01020
nifty500,Graphite India Ltd.,Capital Goods,GRAPHITE,EQ,INE371A01025
nifty500,Grasim Industries Ltd.,Construction Materials,GRASIM,EQ,INE047A01021
nifty500,Gravita India Ltd.,Metals & Mining,GRAVITA,EQ,INE024L01027
nifty500,Billionbrains Garage Ventures Ltd.,Financial Services,GROWW,EQ,INE0HOQ01053
nifty500,Garden Reach Shipbuilders & Engineers Ltd.,Capital Goods,GRSE,EQ,INE382Z01011
nifty500,GE Vernova T&D India Ltd.,Capital Goods,GVT&D,EQ,INE200A01026
nifty500,Hindustan Aeronautics Ltd.,Capital Goods,HAL,EQ,INE066F01020
nifty500,Havells India Ltd.,Consumer Durables,HAVELLS,EQ,INE176B01034
nifty500,HBL Engineering Ltd.,Capital Goods,HBLENGINE,EQ,INE292B01021
nifty500,HCL Technologies Ltd.,Information Technology,HCLTECH,EQ,INE860A01027
nifty500,HDB Financial Services Ltd.,Financial Services,HDBFS,EQ,INE756I01012
nifty500,HDFC Asset Management Company Ltd.,Financial Services,HDFCAMC,EQ,INE127D01025
nifty500,HDFC Bank Ltd.,Financial Services,HDFCBANK,EQ,INE040A01034
nifty500,HDFC Life Insurance Company Ltd.,Financial Services,HDFCLIFE,EQ,INE795G01014
nifty500,H.E.G. Ltd.,Capital Goods,HEG,EQ,INE545A01024
nifty500,Hero MotoCorp Ltd.,Automobile and Auto Components,HEROMOTOCO,EQ,INE158A01026
nifty500,Hexaware Technologies Ltd.,Information Technology,HEXT,EQ,INE093A01041
nifty500,HFCL Ltd.,Telecommunication,HFCL,EQ,INE548A01028
nifty500,Hindalco Industries Ltd.,Metals & Mining,HINDALCO,EQ,INE038A01020
nifty500,Hindustan Copper Ltd.,Metals & Mining,HINDCOPPER,EQ,INE531E01026
nifty500,Hindustan Petroleum Corporation Ltd.,Oil Gas & Consumable Fuels,HINDPETRO,EQ,INE094A01015
nifty500,Hindustan Unilever Ltd.,Fast Moving Consumer Goods,HINDUNILVR,EQ,INE030A01027
nifty500,Hindustan Zinc Ltd.,Metals & Mining,HINDZINC,EQ,INE267A01025
nifty500,Home First Finance Company India Ltd.,Financial Services,HOMEFIRST,EQ,INE481N01025
nifty500,Honasa Consumer Ltd.,Fast Moving Consumer Goods,HONASA,EQ,INE0J5401028
nifty500,Honeywell Automation India Ltd.,Capital Goods,HONAUT,EQ,INE671A01010
nifty500,Himadri Speciality Chemical Ltd.,Chemicals,HSCL,EQ,INE019C01026
nifty500,Housing & Urban Development Corporation Ltd.,Financial Services,HUDCO,EQ,INE031A01017
nifty500,Hyundai Motor India Ltd.,Automobile and Auto Components,HYUNDAI,EQ,INE0V6F01027
nifty500,ICICI Prudential Asset Management Company Ltd.,Financial Services,ICICIAMC,EQ,INE346A01027
nifty500,ICICI Bank Ltd.,Financial Services,ICICIBANK,EQ,INE090A01021
nifty500,ICICI Lombard General Insurance Company Ltd.,Financial Services,ICICIGI,EQ,INE765G01017
nifty500,ICICI Prudential Life Insurance Company Ltd.,Financial Services,ICICIPRULI,EQ,INE726G01019
nifty500,IDBI Bank Ltd.,Financial Services,IDBI,EQ,INE008A01015
nifty500,Vodafone Idea Ltd.,Telecommunication,IDEA,EQ,INE669E01016
nifty500,IDFC First Bank Ltd.,Financial Services,IDFCFIRSTB,EQ,INE092T01019
nifty500,Indian Energy Exchange Ltd.,Financial Services,IEX,EQ,INE022Q01020
nifty500,IFCI Ltd.,Financial Services,IFCI,EQ,INE039A01010
nifty500,International Gemological Institute Ltd.,Services,IGIL,EQ,INE0Q9301021
nifty500,Indraprastha Gas Ltd.,Oil Gas & Consumable Fuels,IGL,EQ,INE203G01027
nifty500,IIFL Finance Ltd.,Financial Services,IIFL,EQ,INE530B01024
nifty500,Inventurus Knowledge Solutions Ltd.,Information Technology,IKS,EQ,INE115Q01022
nifty500,Indegene Ltd.,Healthcare,INDGN,EQ,INE065X01017
nifty500,Indian Hotels Co. Ltd.,Consumer Services,INDHOTEL,EQ,INE053A01029
nifty500,India Cements Ltd.,Construction Materials,INDIACEM,EQ,INE383A01012
nifty500,Indiamart Intermesh Ltd.,Consumer Services,INDIAMART,EQ,INE933S01016
nifty500,Indian Bank,Financial Services,INDIANB,EQ,INE562A01011
nifty500,InterGlobe Aviation Ltd.,Services,INDIGO,EQ,INE646L01027
nifty500,IndusInd Bank Ltd.,Financial Services,INDUSINDBK,EQ,INE095A01012
nifty500,Indus Towers Ltd.,Telecommunication,INDUSTOWER,EQ,INE121J01017
nifty500,Infosys Ltd.,Information Technology,INFY,EQ,INE009A01021
nifty500,Inox Wind Ltd.,Capital Goods,INOXWIND,EQ,INE066P01011
nifty500,Intellect Design Arena Ltd.,Information Technology,INTELLECT,EQ,INE306R01017
nifty500,Indian Overseas Bank,Financial Services,IOB,EQ,INE565A01014
nifty500,Indian Oil Corporation Ltd.,Oil Gas & Consumable Fuels,IOC,EQ,INE242A01010
nifty500,Ipca Laboratories Ltd.,Healthcare,IPCALAB,EQ,INE571A01038
nifty500,IRB Infrastructure Developers Ltd.,Construction,IRB,EQ,INE821I01022
nifty500,IRCON International Ltd.,Construction,IRCON,EQ,INE962Y01021
nifty500,Indian Railway Catering And Tourism Corporation Ltd.,Consumer Services,IRCTC,EQ,INE335Y01020
nifty500,Indian Renewable Energy Development Agency Ltd.,Financial Services,IREDA,EQ,INE202E01016
nifty500,Indian Railway Finance Corporation Ltd.,Financial Services,IRFC,EQ,INE053F01010
nifty500,ITC Ltd.,Fast Moving Consumer Goods,ITC,EQ,INE154A01025
nifty500,ITC Hotels Ltd.,Consumer Services,ITCHOTELS,EQ,INE379A01028
nifty500,ITI Ltd.,Telecommunication,ITI,EQ,INE248A01017
nifty500,Jammu & Kashmir Bank Ltd.,Financial Services,J&KBANK,EQ,INE168A01041
nifty500,Jain Resource Recycling Ltd.,Metals & Mining,JAINREC,EQ,INE0YD401026
nifty500,JBM Auto Ltd.,Automobile and Auto Components,JBMA,EQ,INE927D01051
nifty500,Jindal Saw Ltd.,Capital Goods,JINDALSAW,EQ,INE324A01032
nifty500,Jindal Steel Ltd.,Metals & Mining,JINDALSTEL,EQ,INE749A01030
nifty500,Jio Financial Services Ltd.,Financial Services,JIOFIN,EQ,INE758E01017
nifty500,J.K. Cement Ltd.,Construction Materials,JKCEMENT,EQ,INE823G01014
nifty500,JK Tyre & Industries Ltd.,Automobile and Auto Components,JKTYRE,EQ,INE573A01042
nifty500,JM Financial Ltd.,Financial Services,JMFINANCIL,EQ,INE780C01023
nifty500,Jaiprakash Power Ventures Ltd.,Power,JPPOWER,EQ,INE351F01018
nifty500,Jindal Stainless Ltd.,Metals & Mining,JSL,EQ,INE220G01021
nifty500,JSW Cement Ltd.,Construction Materials,JSWCEMENT,EQ,INE718I01012
nifty500,JSW Dulux Ltd.,Consumer Durables,JSWDULUX,EQ,INE133A01011
nifty500,JSW Energy Ltd.,Power,JSWENERGY,EQ,INE121E01018
nifty500,JSW Infrastructure Ltd.,Services,JSWINFRA,EQ,INE880J01026
nifty500,JSW Steel Ltd.,Metals & Mining,JSWSTEEL,EQ,INE019A01038
nifty500,Jubilant Foodworks Ltd.,Consumer Services,JUBLFOOD,EQ,INE797F01020
nifty500,Jubilant Ingrevia Ltd.,Chemicals,JUBLINGREA,EQ,INE0BY001018
nifty500,Jubilant Pharmova Ltd.,Healthcare,JUBLPHARMA,EQ,INE700A01033
nifty500,Jupiter Wagons Ltd.,Capital Goods,JWL,EQ,INE209L01016
nifty500,Jyoti CNC Automation Ltd.,Capital Goods,JYOTICNC,EQ,INE980O01024
nifty500,Kajaria Ceramics Ltd.,Consumer Durables,KAJARIACER,EQ,INE217B01036
nifty500,Kalyan Jewellers India Ltd.,Consumer Durables,KALYANKJIL,EQ,INE303R01014
nifty500,Karur Vysya Bank Ltd.,Financial Services,KARURVYSYA,EQ,INE036D01028
nifty500,Kaynes Technology India Ltd.,Capital Goods,KAYNES,EQ,INE918Z01012
nifty500,Kec International Ltd.,Construction,KEC,EQ,INE389H01022
nifty500,KEI Industries Ltd.,Capital Goods,KEI,EQ,INE878B01027
nifty500,Kfin Technologies Ltd.,Financial Services,KFINTECH,EQ,INE138Y01010
nifty500,Krishna Institute of Medical Sciences Ltd.,Healthcare,KIMS,EQ,INE967H01025
nifty500,Kirloskar Oil Eng Ltd.,Capital Goods,KIRLOSENG,EQ,INE146L01010
nifty500,Kotak Mahindra Bank Ltd.,Financial Services,KOTAKBANK,EQ,INE237A01036
nifty500,Kalpataru Projects International Ltd.,Construction,KPIL,EQ,INE220B01022
nifty500,KPIT Technologies Ltd.,Information Technology,KPITTECH,EQ,INE04I401011
nifty500,K.P.R. Mill Ltd.,Textiles,KPRMILL,EQ,INE930H01031
nifty500,Dr. Lal Path Labs Ltd.,Healthcare,LALPATHLAB,EQ,INE600L01024
nifty500,Latent View Analytics Ltd.,Information Technology,LATENTVIEW,EQ,INE0I7C01011
nifty500,Laurus Labs Ltd.,Healthcare,LAURUSLABS,EQ,INE947Q01028
nifty500,Lemon Tree Hotels Ltd.,Consumer Services,LEMONTREE,EQ,INE970X01018
nifty500,Lenskart Solutions Ltd.,Consumer Services,LENSKART,EQ,INE956O01016
nifty500,LG Electronics India Ltd.,Consumer Durables,LGEINDIA,EQ,INE324D01010
nifty500,LIC Housing Finance Ltd.,Financial Services,LICHSGFIN,EQ,INE115A01026
nifty500,Life Insurance Corporation of India,Financial Services,LICI,EQ,INE0J1Y01017
nifty500,Linde India Ltd.,Chemicals,LINDEINDIA,EQ,INE473A01011
nifty500,Lloyds Metals And Energy Ltd.,Metals & Mining,LLOYDSME,EQ,INE281B01032
nifty500,Lodha Developers Ltd.,Realty,LODHA,EQ,INE670K01029
nifty500,Larsen & Toubro Ltd.,Construction,LT,EQ,INE018A01030
nifty500,L&T Finance Ltd.,Financial Services,LTF,EQ,INE498L01015
nifty500,LT Foods Ltd.,Fast Moving Consumer Goods,LTFOODS,EQ,INE818H01020
nifty500,LTM Ltd.,Information Technology,LTM,EQ,INE214T01019
nifty500,L&T Technology Services Ltd.,Information Technology,LTTS,EQ,INE010V01017
nifty500,Lupin Ltd.,Healthcare,LUPIN,EQ,INE326A01037
nifty500,Mahindra & Mahindra Ltd.,Automobile and Auto Components,M&M,EQ,INE101A01026
nifty500,Mahindra & Mahindra Financial Services Ltd.,Financial Services,M&MFIN,EQ,INE774D01024
nifty500,Bank of Maharashtra,Financial Services,MAHABANK,EQ,INE457A01014
nifty500,Manappuram Finance Ltd.,Financial Services,MANAPPURAM,EQ,INE522D01027
nifty500,Mankind Pharma Ltd.,Healthcare,MANKIND,EQ,INE634S01028
nifty500,C.E. Info Systems Ltd.,Information Technology,MAPMYINDIA,EQ,INE0BV301023
nifty500,Marico Ltd.,Fast Moving Consumer Goods,MARICO,EQ,INE196A01026
nifty500,Maruti Suzuki India Ltd.,Automobile and Auto Components,MARUTI,EQ,INE585B01010
nifty500,Max Healthcare Institute Ltd.,Healthcare,MAXHEALTH,EQ,INE027H01010
nifty500,Mazagoan Dock Shipbuilders Ltd.,Capital Goods,MAZDOCK,EQ,INE249Z01020
nifty500,Multi Commodity Exchange of India Ltd.,Financial Services,MCX,EQ,INE745G01043
nifty500,Global Health Ltd.,Healthcare,MEDANTA,EQ,INE474Q01031
nifty500,Meesho Ltd.,Consumer Services,MEESHO,EQ,INE0VDM01015
nifty500,Max Financial Services Ltd.,Financial Services,MFSL,EQ,INE180A01020
nifty500,Mahanagar Gas Ltd.,Oil Gas & Consumable Fuels,MGL,EQ,INE002S01010
nifty500,Minda Corporation Ltd.,Automobile and Auto Components,MINDACORP,EQ,INE842C01021
nifty500,MMTC Ltd.,Services,MMTC,EQ,INE123F01029
nifty500,Samvardhana Motherson International Ltd.,Automobile and Auto Components,MOTHERSON,EQ,INE775A01035
nifty500,Motilal Oswal Financial Services Ltd.,Financial Services,MOTILALOFS,EQ,INE338I01027
nifty500,MphasiS Ltd.,Information Technology,MPHASIS,EQ,INE356A01018
nifty500,MRF Ltd.,Automobile and Auto Components,MRF,EQ,INE883A01011
nifty500,Mangalore Refinery & Petrochemicals Ltd.,Oil Gas & Consumable Fuels,MRPL,EQ,INE103A01014
nifty500,Motherson Sumi Wiring India Ltd.,Automobile and Auto Components,MSUMI,EQ,INE0FS801015
nifty500,Muthoot Finance Ltd.,Financial Services,MUTHOOTFIN,EQ,INE414G01012
nifty500,Nippon Life India Asset Management Ltd.,Financial Services,NAM-INDIA,EQ,INE298J01013
nifty500,NATCO Pharma Ltd.,Healthcare,NATCOPHARM,EQ,INE987B01026
nifty500,National Aluminium Co. Ltd.,Metals & Mining,NATIONALUM,EQ,INE139A01034
nifty500,Info Edge (India) Ltd.,Consumer Services,NAUKRI,EQ,INE663F01032
nifty500,Nava Ltd.,Power,NAVA,EQ,INE725A01030
nifty500,Navin Fluorine International Ltd.,Chemicals,NAVINFLUOR,EQ,INE048G01026
nifty500,NBCC (India) Ltd.,Construction,NBCC,EQ,INE095N01031
nifty500,NCC Ltd.,Construction,NCC,EQ,INE868B01028
nifty500,Nestle India Ltd.,Fast Moving Consumer Goods,NESTLEIND,EQ,INE239A01024
nifty500,Netweb Technologies India Ltd.,Information Technology,NETWEB,EQ,INE0NT901020
nifty500,Neuland Laboratories Ltd.,Healthcare,NEULANDLAB,EQ,INE794A01010
nifty500,Newgen Software Technologies Ltd.,Information Technology,NEWGEN,EQ,INE619B01017
nifty500,Narayana Hrudayalaya Ltd.,Healthcare,NH,EQ,INE410P01011
nifty500,NHPC Ltd.,Power,NHPC,EQ,INE848E01016
nifty500,The New India Assurance Company Ltd.,Financial Services,NIACL,EQ,INE470Y01017
nifty500,Niva Bupa Health Insurance Company Ltd.,Financial Services,NIVABUPA,EQ,INE995S01015
nifty500,NLC India Ltd.,Power,NLCINDIA,EQ,INE589A01014
nifty500,NMDC Ltd.,Metals & Mining,NMDC,EQ,INE584A01023
nifty500,NMDC Steel Ltd.,Metals & Mining,NSLNISP,EQ,INE0NNS01018
nifty500,NTPC Ltd.,Power,NTPC,EQ,INE733E01010
nifty500,NTPC Green Energy Ltd.,Power,NTPCGREEN,EQ,INE0ONG01011
nifty500,Nuvama Wealth Management Ltd.,Financial Services,NUVAMA,EQ,INE531F01023
nifty500,Nuvoco Vistas Corporation Ltd.,Construction Materials,NUVOCO,EQ,INE118D01016
nifty500,FSN E-Commerce Ventures Ltd.,Consumer Services,NYKAA,EQ,INE388Y01029
nifty500,Oberoi Realty Ltd.,Realty,OBEROIRLTY,EQ,INE093I01010
nifty500,Oracle Financial Services Software Ltd.,Information Technology,OFSS,EQ,INE881D01027
nifty500,Oil India Ltd.,Oil Gas & Consumable Fuels,OIL,EQ,INE274J01014
nifty500,Ola Electric Mobility Ltd.,Automobile and Auto Components,OLAELEC,EQ,INE0LXG01040
nifty500,Olectra Greentech Ltd.,Automobile and Auto Components,OLECTRA,EQ,INE260D01016
nifty500,Onesource Specialty Pharma Ltd.,Healthcare,ONESOURCE,EQ,INE013P01021
nifty500,Oil & Natural Gas Corporation Ltd.,Oil Gas & Consumable Fuels,ONGC,EQ,INE213A01029
nifty500,Page Industries Ltd.,Textiles,PAGEIND,EQ,INE761H01022
nifty500,Paradeep Phosphates Ltd.,Chemicals,PARADEEP,EQ,INE088F01024
nifty500,Patanjali Foods Ltd.,Fast Moving Consumer Goods,PATANJALI,EQ,INE619A01035
nifty500,One 97 Communications Ltd.,Financial Services,PAYTM,EQ,INE982J01020
nifty500,PCBL Chemical Ltd.,Chemicals,PCBL,EQ,INE602A01031
nifty500,Persistent Systems Ltd.,Information Technology,PERSISTENT,EQ,INE262H01021
nifty500,Petronet LNG Ltd.,Oil Gas & Consumable Fuels,PETRONET,EQ,INE347G01014
nifty500,Power Finance Corporation Ltd.,Financial Services,PFC,EQ,INE134E01011
nifty500,Pfizer Ltd.,Healthcare,PFIZER,EQ,INE182A01018
nifty500,Prime Focus Ltd.,Media Entertainment & Publication,PFOCUS,EQ,INE367G01038
nifty500,PG Electroplast Ltd.,Consumer Durables,PGEL,EQ,INE457L01029
nifty500,Phoenix Mills Ltd.,Realty,PHOENIXLTD,EQ,INE211B01039
nifty500,Pidilite Industries Ltd.,Chemicals,PIDILITIND,EQ,INE318A01026
nifty500,PI Industries Ltd.,Chemicals,PIIND,EQ,INE603J01030
nifty500,Pine Labs Ltd.,Financial Services,PINELABS,EQ,INE15B701018
nifty500,Piramal Finance Ltd.,Financial Services,PIRAMALFIN,EQ,INE202B01038
nifty500,Punjab National Bank,Financial Services,PNB,EQ,INE160A01022
nifty500,PNB Housing Finance Ltd.,Financial Services,PNBHOUSING,EQ,INE572E01012
nifty500,PB Fintech Ltd.,Financial Services,POLICYBZR,EQ,INE417T01026
nifty500,Polycab India Ltd.,Capital Goods,POLYCAB,EQ,INE455K01017
nifty500,Poly Medicure Ltd.,Healthcare,POLYMED,EQ,INE205C01021
nifty500,Poonawalla Fincorp Ltd.,Financial Services,POONAWALLA,EQ,INE511C01022
nifty500,Power Grid Corporation of India Ltd.,Power,POWERGRID,EQ,INE752E01010
nifty500,Hitachi Energy India Ltd.,Capital Goods,POWERINDIA,EQ,INE07Y701011
nifty500,Piramal Pharma Ltd.,Healthcare,PPLPHARMA,EQ,INE0DK501011
nifty500,Premier Energies Ltd.,Capital Goods,PREMIERENE,EQ,INE0BS701011
nifty500,Prestige Estates Projects Ltd.,Realty,PRESTIGE,EQ,INE811K01011
nifty500,PTC Industries Ltd.,Capital Goods,PTCIL,EQ,INE596F01018
nifty500,PVR INOX Ltd.,Media Entertainment & Publication,PVRINOX,EQ,INE191H01014
nifty500,Physicswallah Ltd.,Consumer Services,PWL,EQ,INE0LP301011
nifty500,Radico Khaitan Ltd,Fast Moving Consumer Goods,RADICO,EQ,INE944F01028
nifty500,Railtel Corporation Of India Ltd.,Telecommunication,RAILTEL,EQ,INE0DD101019
nifty500,Rainbow Childrens Medicare Ltd.,Healthcare,RAINBOW,EQ,INE961O01016
nifty500,The Ramco Cements Ltd.,Construction Materials,RAMCOCEM,EQ,INE331A01037
nifty500,RBL Bank Ltd.,Financial Services,RBLBANK,EQ,INE976G01028
nifty500,REC Ltd.,Financial Services,RECLTD,EQ,INE020B01018
nifty500,Redington Ltd.,Services,REDINGTON,EQ,INE891D01026
nifty500,Reliance Industries Ltd.,Oil Gas & Consumable Fuels,RELIANCE,EQ,INE002A01018
nifty500,RHI MAGNESITA INDIA LTD.,Capital Goods,RHIM,EQ,INE743M01012
nifty500,RITES Ltd.,Construction,RITES,EQ,INE320J01015
nifty500,Ramkrishna Forgings Ltd.,Automobile and Auto Components,RKFORGE,EQ,INE399G01023
nifty500,Reliance Power Ltd.,Power,RPOWER,EQ,INE614G01033
nifty500,R R Kabel Ltd.,Capital Goods,RRKABEL,EQ,INE777K01022
nifty500,Rail Vikas Nigam Ltd.,Construction,RVNL,EQ,INE415G01027
nifty500,Sagility Ltd.,Information Technology,SAGILITY,EQ,INE0W2G01015
nifty500,Steel Authority of India Ltd.,Metals & Mining,SAIL,EQ,INE114A01011
nifty500,Sai Life Sciences Ltd.,Healthcare,SAILIFE,EQ,INE570L01029
nifty500,Sammaan Capital Ltd.,Financial Services,SAMMAANCAP,EQ,INE148I01020
nifty500,Sapphire Foods India Ltd.,Consumer Services,SAPPHIRE,EQ,INE806T01020
nifty500,Sarda Energy and Minerals Ltd.,Metals & Mining,SARDAEN,EQ,INE385C01021
nifty500,Saregama India Ltd,Media Entertainment & Publication,SAREGAMA,EQ,INE979A01025
nifty500,SBFC Finance Ltd.,Financial Services,SBFC,EQ,INE423Y01016
nifty500,SBI Cards and Payment Services Ltd.,Financial Services,SBICARD,EQ,INE018E01016
nifty500,SBI Life Insurance Company Ltd.,Financial Services,SBILIFE,EQ,INE123W01016
nifty500,State Bank of India,Financial Services,SBIN,EQ,INE062A01020
nifty500,Schaeffler India Ltd.,Automobile and Auto Components,SCHAEFFLER,EQ,INE513A01022
nifty500,Schneider Electric Infrastructure Ltd.,Capital Goods,SCHNEIDER,EQ,INE839M01018
nifty500,Shipping Corporation of India Ltd.,Services,SCI,EQ,INE109A01011
nifty500,Shree Cement Ltd.,Construction Materials,SHREECEM,EQ,INE070A01015
nifty500,Shriram Finance Ltd.,Financial Services,SHRIRAMFIN,EQ,INE721A01047
nifty500,Shyam Metalics and Energy Ltd.,Capital Goods,SHYAMMETL,EQ,INE810G01011
nifty500,Siemens Ltd.,Capital Goods,SIEMENS,EQ,INE003A01024
nifty500,Signatureglobal (India) Ltd.,Realty,SIGNATURE,EQ,INE903U01023
nifty500,SJVN Ltd.,Power,SJVN,EQ,INE002L01015
nifty500,Sobha Ltd.,Realty,SOBHA,EQ,INE671H01015
nifty500,Solar Industries India Ltd.,Chemicals,SOLARINDS,EQ,INE343H01029
nifty500,Sona BLW Precision Forgings Ltd.,Automobile and Auto Components,SONACOMS,EQ,INE073K01018
nifty500,Sonata Software Ltd.,Information Technology,SONATSOFTW,EQ,INE269A01021
nifty500,Supreme Petrochem Ltd.,Chemicals,SPLPETRO,EQ,INE663A01033
nifty500,SRF Ltd.,Chemicals,SRF,EQ,INE647A01010
nifty500,Star Health and Allied Insurance Company Ltd.,Financial Services,STARHEALTH,EQ,INE575P01011
nifty500,Sumitomo Chemical India Ltd.,Chemicals,SUMICHEM,EQ,INE258G01013
nifty500,Sundaram Finance Ltd.,Financial Services,SUNDARMFIN,EQ,INE660A01013
nifty500,Sun Pharmaceutical Industries Ltd.,Healthcare,SUNPHARMA,EQ,INE044A01036
nifty500,Sun TV Network Ltd.,Media Entertainment & Publication,SUNTV,EQ,INE424H01027
nifty500,Supreme Industries Ltd.,Capital Goods,SUPREMEIND,EQ,INE195A01028
nifty500,Suzlon Energy Ltd.,Capital Goods,SUZLON,EQ,INE040H01021
nifty500,Swan Corp Ltd.,Chemicals,SWANCORP,EQ,INE665A01038
nifty500,Swiggy Ltd.,Consumer Services,SWIGGY,EQ,INE00H001014
nifty500,Syngene International Ltd.,Healthcare,SYNGENE,EQ,INE398R01022
nifty500,Syrma SGS Technology Ltd.,Capital Goods,SYRMA,EQ,INE0DYJ01015
nifty500,Transformers And Rectifiers (India) Ltd.,Capital Goods,TARIL,EQ,INE763I01026
nifty500,Tata Capital Ltd.,Financial Services,TATACAP,EQ,INE976I01016
nifty500,Tata Chemicals Ltd.,Chemicals,TATACHEM,EQ,INE092A01019
nifty500,Tata Communications Ltd.,Telecommunication,TATACOMM,EQ,INE151A01013
nifty500,Tata Consumer Products Ltd.,Fast Moving Consumer Goods,TATACONSUM,EQ,INE192A01025
nifty500,Tata Elxsi Ltd.,Information Technology,TATAELXSI,EQ,INE670A01012
nifty500,Tata Investment Corporation Ltd.,Financial Services,TATAINVEST,EQ,INE672A01026
nifty500,Tata Power Co. Ltd.,Power,TATAPOWER,EQ,INE245A01021
nifty500,Tata Steel Ltd.,Metals & Mining,TATASTEEL,EQ,INE081A01020
nifty500,Tata Technologies Ltd.,Information Technology,TATATECH,EQ,INE142M01025
nifty500,TBO Tek Ltd.,Consumer Services,TBOTEK,EQ,INE673O01025
nifty500,Tata Consultancy Services Ltd.,Information Technology,TCS,EQ,INE467B01029
nifty500,Tech Mahindra Ltd.,Information Technology,TECHM,EQ,INE669C01036
nifty500,Techno Electric & Engineering Company Ltd.,Construction,TECHNOE,EQ,INE285K01026
nifty500,Tega Industries Ltd.,Capital Goods,TEGA,EQ,INE011K01018
nifty500,Tejas Networks Ltd.,Telecommunication,TEJASNET,EQ,INE010J01012
nifty500,Tenneco Clean Air India Ltd.,Automobile and Auto Components,TENNIND,EQ,INE19RI01016
nifty500,Leela Palaces Hotels & Resorts Ltd.,Consumer Services,THELEELA,EQ,INE0AQ201015
nifty500,Thermax Ltd.,Capital Goods,THERMAX,EQ,INE152A01029
nifty500,Tube Investments of India Ltd.,Automobile and Auto Components,TIINDIA,EQ,INE974X01010
nifty500,Timken India Ltd.,Capital Goods,TIMKEN,EQ,INE325A01013
nifty500,Titagarh Rail Systems Ltd.,Capital Goods,TITAGARH,EQ,INE615H01020
nifty500,Titan Company Ltd.,Consumer Durables,TITAN,EQ,INE280A01028
nifty500,Tata Motors Ltd.,Capital Goods,TMCV,EQ,INE1TAE01010
nifty500,Tata Motors Passenger Vehicles Ltd.,Automobile and Auto Components,TMPV,EQ,INE155A01022
nifty500,Torrent Pharmaceuticals Ltd.,Healthcare,TORNTPHARM,EQ,INE685A01028
nifty500,Torrent Power Ltd.,Power,TORNTPOWER,EQ,INE813H01021
nifty500,Travel Food Services Ltd.,Consumer Services,TRAVELFOOD,EQ,INE103V01028
nifty500,Trent Ltd.,Consumer Services,TRENT,EQ,INE849A01020
nifty500,Trident Ltd.,Textiles,TRIDENT,EQ,INE064C01022
nifty500,Triveni Turbine Ltd.,Capital Goods,TRITURBINE,EQ,INE152M01016
nifty500,Tata Teleservices (Maharashtra) Ltd.,Telecommunication,TTML,EQ,INE517B01013
nifty500,TVS Motor Company Ltd.,Automobile and Auto Components,TVSMOTOR,EQ,INE494B01023
nifty500,United Breweries Ltd.,Fast Moving Consumer Goods,UBL,EQ,INE686F01025
nifty500,UCO Bank,Financial Services,UCOBANK,EQ,INE691A01018
nifty500,UltraTech Cement Ltd.,Construction Materials,ULTRACEMCO,EQ,INE481G01011
nifty500,Union Bank of India,Financial Services,UNIONBANK,EQ,INE692A01016
nifty500,United Spirits Ltd.,Fast Moving Consumer Goods,UNITDSPR,EQ,INE854D01024
nifty500,UNO Minda Ltd.,Automobile and Auto Components,UNOMINDA,EQ,INE405E01023
nifty500,UPL Ltd.,Chemicals,UPL,EQ,INE628A01036
nifty500,Urban Company Ltd.,Consumer Services,URBANCO,EQ,INE0CAZ01013
nifty500,Usha Martin Ltd.,Capital Goods,USHAMART,EQ,INE228A01035
nifty500,UTI Asset Management Company Ltd.,Financial Services,UTIAMC,EQ,INE094J01016
nifty500,Varun Beverages Ltd.,Fast Moving Consumer Goods,VBL,EQ,INE200M01039
nifty500,Vedanta Ltd.,Metals & Mining,VEDL,EQ,INE205A01025
nifty500,Vijaya Diagnostic Centre Ltd.,Healthcare,VIJAYA,EQ,INE043W01024
nifty500,Vishal Mega Mart Ltd.,Consumer Services,VMM,EQ,INE01EA01019
nifty500,Voltas Ltd.,Consumer Durables,VOLTAS,EQ,INE226A01021
nifty500,Vardhman Textiles Ltd.,Textiles,VTL,EQ,INE825A01020
nifty500,Waaree Energies Ltd.,Capital Goods,WAAREEENER,EQ,INE377N01017
nifty500,Welspun Corp Ltd.,Capital Goods,WELCORP,EQ,INE191B01025
nifty500,Welspun Living Ltd.,Textiles,WELSPUNLIV,EQ,INE192B01031
nifty500,Whirlpool of India Ltd.,Consumer Durables,WHIRLPOOL,EQ,INE716A01013
nifty500,Wipro Ltd.,Information Technology,WIPRO,EQ,INE075A01022
nifty500,Wockhardt Ltd.,Healthcare,WOCKPHARMA,EQ,INE049B01025
nifty500,Yes Bank Ltd.,Financial Services,YESBANK,EQ,INE528G01035
nifty500,Zee Entertainment Enterprises Ltd.,Media Entertainment & Publication,ZEEL,EQ,INE256A01028
nifty500,Zensar Technolgies Ltd.,Information Technology,ZENSARTECH,EQ,INE520A01027
nifty500,Zen Technologies Ltd.,Capital Goods,ZENTEC,EQ,INE251B01027
nifty500,ZF Commercial Vehicle Control Systems India Ltd.,Automobile and Auto Components,ZFCVINDIA,EQ,INE342J01019
nifty500,Zydus Lifesciences Ltd.,Healthcare,ZYDUSLIFE,EQ,INE010B01027
nifty500,Zydus Wellness Ltd.,Fast Moving Consumer Goods,ZYDUSWELL,EQ,INE768C01028
nifty500healthcare,Abbott India Ltd.,Healthcare,ABBOTINDIA,EQ,INE358A01014
nifty500healthcare,Ajanta Pharmaceuticals Ltd.,Healthcare,AJANTPHARM,EQ,INE031B01049
nifty500healthcare,Alivus Life Sciences Ltd.,Healthcare,ALIVUS,EQ,INE03Q201024
nifty500healthcare,Alkem Laboratories Ltd.,Healthcare,ALKEM,EQ,INE540L01014
nifty500healthcare,Alembic Pharmaceuticals Ltd.,Healthcare,APLLTD,EQ,INE901L01018
nifty500healthcare,Apollo Hospitals Enterprise Ltd.,Healthcare,APOLLOHOSP,EQ,INE437A01024
nifty500healthcare,Aster DM Healthcare Ltd.,Healthcare,ASTERDM,EQ,INE914M01019
nifty500healthcare,AstraZenca Pharma India Ltd.,Healthcare,ASTRAZEN,EQ,INE203A01020
nifty500healthcare,Aurobindo Pharma Ltd.,Healthcare,AUROPHARMA,EQ,INE406A01037
nifty500healthcare,Biocon Ltd.,Healthcare,BIOCON,EQ,INE376G01013
nifty500healthcare,Caplin Point Laboratories Ltd.,Healthcare,CAPLIPOINT,EQ,INE475E01026
nifty500healthcare,Cipla Ltd.,Healthcare,CIPLA,EQ,INE059A01026
nifty500healthcare,Cohance Lifesciences Ltd.,Healthcare,COHANCE,EQ,INE03QK01018
nifty500healthcare,Concord Biotech Ltd.,Healthcare,CONCORDBIO,EQ,INE338H01029
nifty500healthcare,Divi's Laboratories Ltd.,Healthcare,DIVISLAB,EQ,INE361B01024
nifty500healthcare,Dr. Reddy's Laboratories Ltd.,Healthcare,DRREDDY,EQ,INE089A01031
nifty500healthcare,Emcure Pharmaceuticals Ltd.,Healthcare,EMCURE,EQ,INE168P01015
nifty500healthcare,Eris Lifesciences Ltd.,Healthcare,ERIS,EQ,INE406M01024
nifty500healthcare,Fortis Healthcare Ltd.,Healthcare,FORTIS,EQ,INE061F01013
nifty500healthcare,Gland Pharma Ltd.,Healthcare,GLAND,EQ,INE068V01023
nifty500healthcare,Glaxosmithkline Pharmaceuticals Ltd.,Healthcare,GLAXO,EQ,INE159A01016
nifty500healthcare,Glenmark Pharmaceuticals Ltd.,Healthcare,GLENMARK,EQ,INE935A01035
nifty500healthcare,Granules India Ltd.,Healthcare,GRANULES,EQ,INE101D01020
nifty500healthcare,Indegene Ltd.,Healthcare,INDGN,EQ,INE065X01017
nifty500healthcare,Ipca Laboratories Ltd.,Healthcare,IPCALAB,EQ,INE571A01038
nifty500healthcare,J.B. Chemicals & Pharmaceuticals Ltd.,Healthcare,JBCHEPHARM,EQ,INE572A01036
nifty500healthcare,Jubilant Pharmova Ltd.,Healthcare,JUBLPHARMA,EQ,INE700A01033
nifty500healthcare,Krishna Institute of Medical Sciences Ltd.,Healthcare,KIMS,EQ,INE967H01025
nifty500healthcare,Dr. Lal Path Labs Ltd.,Healthcare,LALPATHLAB,EQ,INE600L01024
nifty500healthcare,Laurus Labs Ltd.,Healthcare,LAURUSLABS,EQ,INE947Q01028
nifty500healthcare,Lupin Ltd.,Healthcare,LUPIN,EQ,INE326A01037
nifty500healthcare,Mankind Pharma Ltd.,Healthcare,MANKIND,EQ,INE634S01028
nifty500healthcare,Max Healthcare Institute Ltd.,Healthcare,MAXHEALTH,EQ,INE027H01010
nifty500healthcare,Global Health Ltd.,Healthcare,MEDANTA,EQ,INE474Q01031
nifty500healthcare,Metropolis Healthcare Ltd.,Healthcare,METROPOLIS,EQ,INE112L01020
nifty500healthcare,NATCO Pharma Ltd.,Healthcare,NATCOPHARM,EQ,INE987B01026
nifty500healthcare,Neuland Laboratories Ltd.,Healthcare,NEULANDLAB,EQ,INE794A01010
nifty500healthcare,Narayana Hrudayalaya Ltd.,Healthcare,NH,EQ,INE410P01011
nifty500healthcare,Pfizer Ltd.,Healthcare,PFIZER,EQ,INE182A01018
nifty500healthcare,Poly Medicure Ltd.,Healthcare,POLYMED,EQ,INE205C01021
nifty500healthcare,Piramal Pharma Ltd.,Healthcare,PPLPHARMA,EQ,INE0DK501011
nifty500healthcare,Rainbow Childrens Medicare Ltd.,Healthcare,RAINBOW,EQ,INE961O01016
nifty500healthcare,Sai Life Sciences Ltd.,Healthcare,SAILIFE,EQ,INE570L01029
nifty500healthcare,Sun Pharmaceutical Industries Ltd.,Healthcare,SUNPHARMA,EQ,INE044A01036
nifty500healthcare,Syngene International Ltd.,Healthcare,SYNGENE,EQ,INE398R01022
nifty500healthcare,Torrent Pharmaceuticals Ltd.,Healthcare,TORNTPHARM,EQ,INE685A01028
nifty500healthcare,Vijaya Diagnostic Centre Ltd.,Healthcare,VIJAYA,EQ,INE043W01024
nifty500healthcare,Zydus Lifesciences Ltd.,Healthcare,ZYDUSLIFE,EQ,INE010B01027
niftyauto,Ashok Leyland Ltd.,Capital Goods,ASHOKLEY,EQ,INE208A01029
niftyauto,Bajaj Auto Ltd.,Automobile and Auto Components,BAJAJ-AUTO,EQ,INE917I01010
niftyauto,Bharat Forge Ltd.,Automobile and Auto Components,BHARATFORG,EQ,INE465A01025
niftyauto,Bosch Ltd.,Automobile and Auto Components,BOSCHLTD,EQ,INE323A01026
niftyauto,Eicher Motors Ltd.,Automobile and Auto Components,EICHERMOT,EQ,INE066A01021
niftyauto,Exide Industries Ltd.,Automobile and Auto Components,EXIDEIND,EQ,INE302A01020
niftyauto,Hero MotoCorp Ltd.,Automobile and Auto Components,HEROMOTOCO,EQ,INE158A01026
niftyauto,Mahindra & Mahindra Ltd.,Automobile and Auto Components,M&M,EQ,INE101A01026
niftyauto,Maruti Suzuki India Ltd.,Automobile and Auto Components,MARUTI,EQ,INE585B01010
niftyauto,Samvardhana Motherson International Ltd.,Automobile and Auto Components,MOTHERSON,EQ,INE775A01035
niftyauto,Sona BLW Precision Forgings Ltd.,Automobile and Auto Components,SONACOMS,EQ,INE073K01018
niftyauto,Tube Investments of India Ltd.,Automobile and Auto Components,TIINDIA,EQ,INE974X01010
niftyauto,Tata Motors Passenger Vehicles Ltd.,Automobile and Auto Components,TMPV,EQ,INE155A01022
niftyauto,TVS Motor Company Ltd.,Automobile and Auto Components,TVSMOTOR,EQ,INE494B01023
niftyauto,UNO Minda Ltd.,Automobile and Auto Components,UNOMINDA,EQ,INE405E01023
niftybank,AU Small Finance Bank Ltd.,Financial Services,AUBANK,EQ,INE949L01017
niftybank,Axis Bank Ltd.,Financial Services,AXISBANK,EQ,INE238A01034
niftybank,Bank of Baroda,Financial Services,BANKBARODA,EQ,INE028A01039
niftybank,Canara Bank,Financial Services,CANBK,EQ,INE476A01022
niftybank,Federal Bank Ltd.,Financial Services,FEDERALBNK,EQ,INE171A01029
niftybank,HDFC Bank Ltd.,Financial Services,HDFCBANK,EQ,INE040A01034
niftybank,ICICI Bank Ltd.,Financial Services,ICICIBANK,EQ,INE090A01021
niftybank,IDFC First Bank Ltd.,Financial Services,IDFCFIRSTB,EQ,INE092T01019
niftybank,IndusInd Bank Ltd.,Financial Services,INDUSINDBK,EQ,INE095A01012
niftybank,Kotak Mahindra Bank Ltd.,Financial Services,KOTAKBANK,EQ,INE237A01036
niftybank,Punjab National Bank,Financial Services,PNB,EQ,INE160A01022
niftybank,State Bank of India,Financial Services,SBIN,EQ,INE062A01020
niftybank,Union Bank of India,Financial Services,UNIONBANK,EQ,INE692A01016
niftybank,Yes Bank Ltd.,Financial Services,YESBANK,EQ,INE528G01035
niftycapitalgoods,ABB India Ltd.,Capital Goods,ABB,EQ,INE117A01022
niftycapitalgoods,AIA Engineering Ltd.,Capital Goods,AIAENG,EQ,INE212H01026
niftycapitalgoods,Apar Industries Ltd.,Capital Goods,APARINDS,EQ,INE372A01015
niftycapitalgoods,APL Apollo Tubes Ltd.,Capital Goods,APLAPOLLO,EQ,INE702C01027
niftycapitalgoods,Ashok Leyland Ltd.,Capital Goods,ASHOKLEY,EQ,INE208A01029
niftycapitalgoods,Astral Ltd.,Capital Goods,ASTRAL,EQ,INE006I01046
niftycapitalgoods,Astra Microwave Products Ltd.,Capital Goods,ASTRAMICRO,EQ,INE386C01029
niftycapitalgoods,Bharat Dynamics Ltd.,Capital Goods,BDL,EQ,INE171Z01026
niftycapitalgoods,Bharat Electronics Ltd.,Capital Goods,BEL,EQ,INE263A01024
niftycapitalgoods,BEML Ltd.,Capital Goods,BEML,EQ,INE258A01024
niftycapitalgoods,Bharat Heavy Electricals Ltd.,Capital Goods,BHEL,EQ,INE257A01026
niftycapitalgoods,Carborundum Universal Ltd.,Capital Goods,CARBORUNIV,EQ,INE120A01034
niftycapitalgoods,CG Power and Industrial Solutions Ltd.,Capital Goods,CGPOWER,EQ,INE067A01029
niftycapitalgoods,Cochin Shipyard Ltd.,Capital Goods,COCHINSHIP,EQ,INE704P01025
niftycapitalgoods,Cummins India Ltd.,Capital Goods,CUMMINSIND,EQ,INE298A01020
niftycapitalgoods,Data Patterns (India) Ltd.,Capital Goods,DATAPATTNS,EQ,INE0IX101010
niftycapitalgoods,Elgi Equipments Ltd.,Capital Goods,ELGIEQUIP,EQ,INE285A01027
niftycapitalgoods,Siemens Energy India Ltd.,Capital Goods,ENRIN,EQ,INE1NPP01017
niftycapitalgoods,Escorts Kubota Ltd.,Capital Goods,ESCORTS,EQ,INE042A01014
niftycapitalgoods,Finolex Cables Ltd.,Capital Goods,FINCABLES,EQ,INE235A01022
niftycapitalgoods,Finolex Industries Ltd.,Capital Goods,FINPIPE,EQ,INE183A01024
niftycapitalgoods,Garden Reach Shipbuilders & Engineers Ltd.,Capital Goods,GRSE,EQ,INE382Z01011
niftycapitalgoods,GE Vernova T&D India Ltd.,Capital Goods,GVT&D,EQ,INE200A01026
niftycapitalgoods,Hindustan Aeronautics Ltd.,Capital Goods,HAL,EQ,INE066F01020
niftycapitalgoods,HBL Engineering Ltd.,Capital Goods,HBLENGINE,EQ,INE292B01021
niftycapitalgoods,Honeywell Automation India Ltd.,Capital Goods,HONAUT,EQ,INE671A01010
niftycapitalgoods,Inox Wind Ltd.,Capital Goods,INOXWIND,EQ,INE066P01011
niftycapitalgoods,Jyoti CNC Automation Ltd.,Capital Goods,JYOTICNC,EQ,INE980O01024
niftycapitalgoods,Kaynes Technology India Ltd.,Capital Goods,KAYNES,EQ,INE918Z01012
niftycapitalgoods,KEI Industries Ltd.,Capital Goods,KEI,EQ,INE878B01027
niftycapitalgoods,Kirloskar Oil Eng Ltd.,Capital Goods,KIRLOSENG,EQ,INE146L01010
niftycapitalgoods,Mazagoan Dock Shipbuilders Ltd.,Capital Goods,MAZDOCK,EQ,INE249Z01020
niftycapitalgoods,Polycab India Ltd.,Capital Goods,POLYCAB,EQ,INE455K01017
niftycapitalgoods,Hitachi Energy India Ltd.,Capital Goods,POWERINDIA,EQ,INE07Y701011
niftycapitalgoods,Praj Industries Ltd.,Capital Goods,PRAJIND,EQ,INE074A01025
niftycapitalgoods,Premier Energies Ltd.,Capital Goods,PREMIERENE,EQ,INE0BS701011
niftycapitalgoods,PTC Industries Ltd.,Capital Goods,PTCIL,EQ,INE596F01018
niftycapitalgoods,Siemens Ltd.,Capital Goods,SIEMENS,EQ,INE003A01024
niftycapitalgoods,Supreme Industries Ltd.,Capital Goods,SUPREMEIND,EQ,INE195A01028
niftycapitalgoods,Suzlon Energy Ltd.,Capital Goods,SUZLON,EQ,INE040H01021
niftycapitalgoods,TD Power Systems Ltd.,Capital Goods,TDPOWERSYS,EQ,INE419M01027
niftycapitalgoods,Thermax Ltd.,Capital Goods,THERMAX,EQ,INE152A01029
niftycapitalgoods,Timken India Ltd.,Capital Goods,TIMKEN,EQ,INE325A01013
niftycapitalgoods,Titagarh Rail Systems Ltd.,Capital Goods,TITAGARH,EQ,INE615H01020
niftycapitalgoods,Tata Motors Ltd.,Capital Goods,TMCV,EQ,INE1TAE01010
niftycapitalgoods,Triveni Turbine Ltd.,Capital Goods,TRITURBINE,EQ,INE152M01016
niftycapitalgoods,Usha Martin Ltd.,Capital Goods,USHAMART,EQ,INE228A01035
niftycapitalgoods,Voltamp Transformers Ltd,Capital Goods,VOLTAMP,EQ,INE540H01012
niftycapitalgoods,Waaree Energies Ltd.,Capital Goods,WAAREEENER,EQ,INE377N01017
niftycapitalgoods,Welspun Corp Ltd.,Capital Goods,WELCORP,EQ,INE191B01025
niftycapitalmarketsindex,360 ONE WAM Ltd.,Financial Services,360ONE,EQ,INE466L01038
niftycapitalmarketsindex,Aditya Birla Sun Life AMC Ltd.,Financial Services,ABSLAMC,EQ,INE404A01024
niftycapitalmarketsindex,Anand Rathi Wealth Ltd.,Financial Services,ANANDRATHI,EQ,INE463V01026
niftycapitalmarketsindex,Angel One Ltd.,Financial Services,ANGELONE,EQ,INE732I01021
niftycapitalmarketsindex,BSE Ltd.,Financial Services,BSE,EQ,INE118H01025
niftycapitalmarketsindex,Computer Age Management Services Ltd.,Financial Services,CAMS,EQ,INE596I01020
niftycapitalmarketsindex,Central Depository Services (India) Ltd.,Financial Services,CDSL,EQ,INE736A01011
niftycapitalmarketsindex,Billionbrains Garage Ventures Ltd.,Financial Services,GROWW,EQ,INE0HOQ01053
niftycapitalmarketsindex,HDFC Asset Management Company Ltd.,Financial Services,HDFCAMC,EQ,INE127D01025
niftycapitalmarketsindex,ICICI Prudential Asset Management Company Ltd.,Financial Services,ICICIAMC,EQ,INE346A01027
niftycapitalmarketsindex,Indian Energy Exchange Ltd.,Financial Services,IEX,EQ,INE022Q01020
niftycapitalmarketsindex,Kfin Technologies Ltd.,Financial Services,KFINTECH,EQ,INE138Y01010
niftycapitalmarketsindex,Multi Commodity Exchange of India Ltd.,Financial Services,MCX,EQ,INE745G01043
niftycapitalmarketsindex,Motilal Oswal Financial Services Ltd.,Financial Services,MOTILALOFS,EQ,INE338I01027
niftycapitalmarketsindex,Nippon Life India Asset Management Ltd.,Financial Services,NAM-INDIA,EQ,INE298J01013
niftycapitalmarketsindex,Nuvama Wealth Management Ltd.,Financial Services,NUVAMA,EQ,INE531F01023
niftycapitalmarketsindex,UTI Asset Management Company Ltd.,Financial Services,UTIAMC,EQ,INE094J01016
niftycement,ACC Ltd.,Construction Materials,ACC,EQ,INE012A01025
niftycement,Ambuja Cements Ltd.,Construction Materials,AMBUJACEM,EQ,INE079A01024
niftycement,Birla Corporation Ltd.,Construction Materials,BIRLACORPN,EQ,INE340A01012
niftycement,Dalmia Bharat Ltd.,Construction Materials,DALBHARAT,EQ,INE00R701025
niftycement,Grasim Industries Ltd.,Construction Materials,GRASIM,EQ,INE047A01021
niftycement,India Cements Ltd.,Construction Materials,INDIACEM,EQ,INE383A01012
niftycement,J.K. Cement Ltd.,Construction Materials,JKCEMENT,EQ,INE823G01014
niftycement,JK Lakshmi Cement Ltd.,Construction Materials,JKLAKSHMI,EQ,INE786A01032
niftycement,JSW Cement Ltd.,Construction Materials,JSWCEMENT,EQ,INE718I01012
niftycement,Nuvoco Vistas Corporation Ltd.,Construction Materials,NUVOCO,EQ,INE118D01016
niftycement,Orient Cement Ltd.,Construction Materials,ORIENTCEM,EQ,INE876N01018
niftycement,Prism Johnson Ltd.,Construction Materials,PRSMJOHNSN,EQ,INE010A01011
niftycement,The Ramco Cements Ltd.,Construction Materials,RAMCOCEM,EQ,INE331A01037
niftycement,Shree Cement Ltd.,Construction Materials,SHREECEM,EQ,INE070A01015
niftycement,Star Cement Ltd.,Construction Materials,STARCEMENT,EQ,INE460H01021
niftycement,UltraTech Cement Ltd.,Construction Materials,ULTRACEMCO,EQ,INE481G01011
niftychemicals,Aarti Industries Ltd.,Chemicals,AARTIIND,EQ,INE769A01020
niftychemicals,Atul Ltd.,Chemicals,ATUL,EQ,INE100A01010
niftychemicals,Bayer Cropscience Ltd.,Chemicals,BAYERCROP,EQ,INE462A01022
niftychemicals,Chambal Fertilizers & Chemicals Ltd.,Chemicals,CHAMBLFERT,EQ,INE085A01013
niftychemicals,Coromandel International Ltd.,Chemicals,COROMANDEL,EQ,INE169A01031
niftychemicals,Deepak Nitrite Ltd.,Chemicals,DEEPAKNTR,EQ,INE288B01029
niftychemicals,E.I.D. Parry (India) Ltd.,Chemicals,EIDPARRY,EQ,INE126A01031
niftychemicals,Gujarat Fluorochemicals Ltd.,Chemicals,FLUOROCHEM,EQ,INE09N301011
niftychemicals,Gujarat Narmada Valley Fertilizers and Chemicals Ltd.,Chemicals,GNFC,EQ,INE113A01013
niftychemicals,Himadri Speciality Chemical Ltd.,Chemicals,HSCL,EQ,INE019C01026
niftychemicals,Linde India Ltd.,Chemicals,LINDEINDIA,EQ,INE473A01011
niftychemicals,Navin Fluorine International Ltd.,Chemicals,NAVINFLUOR,EQ,INE048G01026
niftychemicals,PCBL Chemical Ltd.,Chemicals,PCBL,EQ,INE602A01031
niftychemicals,Pidilite Industries Ltd.,Chemicals,PIDILITIND,EQ,INE318A01026
niftychemicals,PI Industries Ltd.,Chemicals,PIIND,EQ,INE603J01030
niftychemicals,Solar Industries India Ltd.,Chemicals,SOLARINDS,EQ,INE343H01029
niftychemicals,SRF Ltd.,Chemicals,SRF,EQ,INE647A01010
niftychemicals,Sumitomo Chemical India Ltd.,Chemicals,SUMICHEM,EQ,INE258G01013
niftychemicals,Tata Chemicals Ltd.,Chemicals,TATACHEM,EQ,INE092A01019
niftychemicals,UPL Ltd.,Chemicals,UPL,EQ,INE628A01036
niftychemicalsindex,Aarti Industries Ltd.,Chemicals,AARTIIND,EQ,INE769A01020
niftychemicalsindex,Atul Ltd.,Chemicals,ATUL,EQ,INE100A01010
niftychemicalsindex,Bayer Cropscience Ltd.,Chemicals,BAYERCROP,EQ,INE462A01022
niftychemicalsindex,Chambal Fertilizers & Chemicals Ltd.,Chemicals,CHAMBLFERT,EQ,INE085A01013
niftychemicalsindex,Coromandel International Ltd.,Chemicals,COROMANDEL,EQ,INE169A01031
niftychemicalsindex,Deepak Nitrite Ltd.,Chemicals,DEEPAKNTR,EQ,INE288B01029
niftychemicalsindex,E.I.D. Parry (India) Ltd.,Chemicals,EIDPARRY,EQ,INE126A01031
niftychemicalsindex,Gujarat Fluorochemicals Ltd.,Chemicals,FLUOROCHEM,EQ,INE09N301011
niftychemicalsindex,Gujarat Narmada Valley Fertilizers and Chemicals Ltd.,Chemicals,GNFC,EQ,INE113A01013
niftychemicalsindex,Himadri Speciality Chemical Ltd.,Chemicals,HSCL,EQ,INE019C01026
niftychemicalsindex,Linde India Ltd.,Chemicals,LINDEINDIA,EQ,INE473A01011
niftychemicalsindex,Navin Fluorine International Ltd.,Chemicals,NAVINFLUOR,EQ,INE048G01026
niftychemicalsindex,PCBL Chemical Ltd.,Chemicals,PCBL,EQ,INE602A01031
niftychemicalsindex,Pidilite Industries Ltd.,Chemicals,PIDILITIND,EQ,INE318A01026
niftychemicalsindex,PI Industries Ltd.,Chemicals,PIIND,EQ,INE603J01030
niftychemicalsindex,Solar Industries India Ltd.,Chemicals,SOLARINDS,EQ,INE343H01029
niftychemicalsindex,SRF Ltd.,Chemicals,SRF,EQ,INE647A01010
niftychemicalsindex,Sumitomo Chemical India Ltd.,Chemicals,SUMICHEM,EQ,INE258G01013
niftychemicalsindex,Tata Chemicals Ltd.,Chemicals,TATACHEM,EQ,INE092A01019
niftychemicalsindex,UPL Ltd.,Chemicals,UPL,EQ,INE628A01036
niftycommercialtransportservices,Adani Ports and Special Economic Zone Ltd.,Services,ADANIPORTS,EQ,INE742F01042
niftycommercialtransportservices,Awfis Space Solutions Ltd.,Services,AWFIS,EQ,INE108V01019
niftycommercialtransportservices,Blackbuck Ltd.,Services,BLACKBUCK,EQ,INE0UIZ01018
niftycommercialtransportservices,Blue Dart Express Ltd.,Services,BLUEDART,EQ,INE233B01017
niftycommercialtransportservices,CMS Info Systems Ltd.,Services,CMSINFO,EQ,INE925R01014
niftycommercialtransportservices,Container Corporation of India Ltd.,Services,CONCOR,EQ,INE111A01025
niftycommercialtransportservices,Delhivery Ltd.,Services,DELHIVERY,EQ,INE148O01028
niftycommercialtransportservices,eClerx Services Ltd.,Services,ECLERX,EQ,INE738I01010
niftycommercialtransportservices,Firstsource Solutions Ltd.,Services,FSL,EQ,INE684F01012
niftycommercialtransportservices,Great Eastern Shipping Co. Ltd.,Services,GESHIP,EQ,INE017A01032
niftycommercialtransportservices,GMR Airports Ltd.,Services,GMRAIRPORT,EQ,INE776C01039
niftycommercialtransportservices,Gujarat Pipavav Port Ltd.,Services,GPPL,EQ,INE517F01014
niftycommercialtransportservices,Hemisphere Properties India Ltd.,Services,HEMIPROP,EQ,INE0AJG01018
niftycommercialtransportservices,International Gemological Institute Ltd.,Services,IGIL,EQ,INE0Q9301021
niftycommercialtransportservices,InterGlobe Aviation Ltd.,Services,INDIGO,EQ,INE646L01027
niftycommercialtransportservices,Inox Green Energy Services Ltd.,Services,INOXGREEN,EQ,INE510W01014
niftycommercialtransportservices,JSW Infrastructure Ltd.,Services,JSWINFRA,EQ,INE880J01026
niftycommercialtransportservices,MMTC Ltd.,Services,MMTC,EQ,INE123F01029
niftycommercialtransportservices,MSTC Ltd.,Services,MSTCLTD,EQ,INE255X01014
niftycommercialtransportservices,NESCO Ltd.,Services,NESCO,EQ,INE317F01035
niftycommercialtransportservices,Quess Corp Ltd.,Services,QUESS,EQ,INE615P01015
niftycommercialtransportservices,Redington Ltd.,Services,REDINGTON,EQ,INE891D01026
niftycommercialtransportservices,Shipping Corporation of India Ltd.,Services,SCI,EQ,INE109A01011
niftycommercialtransportservices,Smartworks Coworking Spaces Ltd.,Services,SMARTWORKS,EQ,INE0NAZ01010
niftycommercialtransportservices,TVS Supply Chain Solutions Ltd.,Services,TVSSCS,EQ,INE395N01027
niftycommercialtransportservices,WeWork India Management Ltd.,Services,WEWORK,EQ,INE085001019
niftycommodities,Adani Energy Solutions Ltd.,Power,ADANIENSOL,EQ,INE931S01010
niftycommodities,Adani Green Energy Ltd.,Power,ADANIGREEN,EQ,INE364U01010
niftycommodities,Adani Power Ltd.,Power,ADANIPOWER,EQ,INE814H01029
niftycommodities,Ambuja Cements Ltd.,Construction Materials,AMBUJACEM,EQ,INE079A01024
niftycommodities,APL Apollo Tubes Ltd.,Capital Goods,APLAPOLLO,EQ,INE702C01027
niftycommodities,Bharat Petroleum Corporation Ltd.,Oil Gas & Consumable Fuels,BPCL,EQ,INE029A01011
niftycommodities,Coal India Ltd.,Oil Gas & Consumable Fuels,COALINDIA,EQ,INE522F01014
niftycommodities,Grasim Industries Ltd.,Construction Materials,GRASIM,EQ,INE047A01021
niftycommodities,Hindalco Industries Ltd.,Metals & Mining,HINDALCO,EQ,INE038A01020
niftycommodities,Hindustan Petroleum Corporation Ltd.,Oil Gas & Consumable Fuels,HINDPETRO,EQ,INE094A01015
niftycommodities,Indian Oil Corporation Ltd.,Oil Gas & Consumable Fuels,IOC,EQ,INE242A01010
niftycommodities,Jindal Steel Ltd.,Metals & Mining,JINDALSTEL,EQ,INE749A01030
niftycommodities,JSW Energy Ltd.,Power,JSWENERGY,EQ,INE121E01018
niftycommodities,JSW Steel Ltd.,Metals & Mining,JSWSTEEL,EQ,INE019A01038
niftycommodities,NHPC Ltd.,Power,NHPC,EQ,INE848E01016
niftycommodities,NMDC Ltd.,Metals & Mining,NMDC,EQ,INE584A01023
niftycommodities,NTPC Ltd.,Power,NTPC,EQ,INE733E01010
niftycommodities,Oil India Ltd.,Oil Gas & Consumable Fuels,OIL,EQ,INE274J01014
niftycommodities,Oil & Natural Gas Corporation Ltd.,Oil Gas & Consumable Fuels,ONGC,EQ,INE213A01029
niftycommodities,Pidilite Industries Ltd.,Chemicals,PIDILITIND,EQ,INE318A01026
niftycommodities,PI Industries Ltd.,Chemicals,PIIND,EQ,INE603J01030
niftycommodities,Reliance Industries Ltd.,Oil Gas & Consumable Fuels,RELIANCE,EQ,INE002A01018
niftycommodities,Shree Cement Ltd.,Construction Materials,SHREECEM,EQ,INE070A01015
niftycommodities,SRF Ltd.,Chemicals,SRF,EQ,INE647A01010
niftycommodities,Tata Power Co. Ltd.,Power,TATAPOWER,EQ,INE245A01021
niftycommodities,Tata Steel Ltd.,Metals & Mining,TATASTEEL,EQ,INE081A01020
niftycommodities,Torrent Power Ltd.,Power,TORNTPOWER,EQ,INE813H01021
niftycommodities,UltraTech Cement Ltd.,Construction Materials,ULTRACEMCO,EQ,INE481G01011
niftycommodities,UPL Ltd.,Chemicals,UPL,EQ,INE628A01036
niftycommodities,Vedanta Ltd.,Metals & Mining,VEDL,EQ,INE205A01025
niftyconstruction,Afcons Infrastructure Ltd.,Construction,AFCONS,EQ,INE101I01011
niftyconstruction,Ahluwalia Contracts (India) Ltd.,Construction,AHLUCONT,EQ,INE758C01029
niftyconstruction,Ashoka Buildcon Ltd.,Construction,ASHOKA,EQ,INE442H01029
niftyconstruction,Cemindia Projects Ltd.,Construction,CEMPRO,EQ,INE686A01026
niftyconstruction,Dilip Buildcon Ltd.,Construction,DBL,EQ,INE917M01012
niftyconstruction,Engineers India Ltd.,Construction,ENGINERSIN,EQ,INE510A01028
niftyconstruction,Hindustan Construction Co. Ltd.,Construction,HCC,EQ,INE549A01026
niftyconstruction,H.G. Infra Engineering Ltd.,Construction,HGINFRA,EQ,INE926X01010
niftyconstruction,IRB Infrastructure Developers Ltd.,Construction,IRB,EQ,INE821I01022
niftyconstruction,IRCON International Ltd.,Construction,IRCON,EQ,INE962Y01021
niftyconstruction,Kec International Ltd.,Construction,KEC,EQ,INE389H01022
niftyconstruction,KNR Constructions Ltd.,Construction,KNRCON,EQ,INE634I01029
niftyconstruction,Kalpataru Projects International Ltd.,Construction,KPIL,EQ,INE220B01022
niftyconstruction,Larsen & Toubro Ltd.,Construction,LT,EQ,INE018A01030
niftyconstruction,NBCC (India) Ltd.,Construction,NBCC,EQ,INE095N01031
niftyconstruction,NCC Ltd.,Construction,NCC,EQ,INE868B01028
niftyconstruction,PNC Infratech Ltd.,Construction,PNCINFRA,EQ,INE195J01029
niftyconstruction,Power Mech Projects Ltd.,Construction,POWERMECH,EQ,INE211R01019
niftyconstruction,RITES Ltd.,Construction,RITES,EQ,INE320J01015
niftyconstruction,Rail Vikas Nigam Ltd.,Construction,RVNL,EQ,INE415G01027
niftyconstruction,Sterling and Wilson Renewable Energy Ltd.,Construction,SWSOLAR,EQ,INE00M201021
niftyconstruction,Techno Electric & Engineering Company Ltd.,Construction,TECHNOE,EQ,INE285K01026
niftyconstruction,Welspun Enterprises Ltd.,Construction,WELENT,EQ,INE625G01013
niftyconsumerdurables,Amber Enterprises India Ltd.,Consumer Durables,AMBER,EQ,INE371P01015
niftyconsumerdurables,Bata India Ltd.,Consumer Durables,BATAINDIA,EQ,INE176A01028
niftyconsumerdurables,Blue Star Ltd.,Consumer Durables,BLUESTARCO,EQ,INE472A01039
niftyconsumerdurables,Crompton Greaves Consumer Electricals Ltd.,Consumer Durables,CROMPTON,EQ,INE299U01018
niftyconsumerdurables,Dixon Technologies (India) Ltd.,Consumer Durables,DIXON,EQ,INE935N01020
niftyconsumerdurables,Havells India Ltd.,Consumer Durables,HAVELLS,EQ,INE176B01034
niftyconsumerdurables,Kajaria Ceramics Ltd.,Consumer Durables,KAJARIACER,EQ,INE217B01036
niftyconsumerdurables,Kalyan Jewellers India Ltd.,Consumer Durables,KALYANKJIL,EQ,INE303R01014
niftyconsumerdurables,LG Electronics India Ltd.,Consumer Durables,LGEINDIA,EQ,INE324D01010
niftyconsumerdurables,PG Electroplast Ltd.,Consumer Durables,PGEL,EQ,INE457L01029
niftyconsumerdurables,Titan Company Ltd.,Consumer Durables,TITAN,EQ,INE280A01028
niftyconsumerdurables,Voltas Ltd.,Consumer Durables,VOLTAS,EQ,INE226A01021
niftyconsumerdurables,Whirlpool of India Ltd.,Consumer Durables,WHIRLPOOL,EQ,INE716A01013
niftyconsumerservices,Aditya Birla Fashion and Retail Ltd.,Consumer Services,ABFRL,EQ,INE647O01011
niftyconsumerservices,Aditya Birla Lifestyle Brands Ltd.,Consumer Services,ABLBL,BE,INE14LE01019
niftyconsumerservices,Arvind Fashions Ltd.,Consumer Services,ARVINDFASN,EQ,INE955V01021
niftyconsumerservices,Aditya Vision Ltd.,Consumer Services,AVL,EQ,INE679V01027
niftyconsumerservices,BLS International Services Ltd.,Consumer Services,BLS,EQ,INE153T01027
niftyconsumerservices,Cartrade Tech Ltd.,Consumer Services,CARTRADE,EQ,INE290S01011
niftyconsumerservices,Chalet Hotels Ltd.,Consumer Services,CHALET,EQ,INE427F01016
niftyconsumerservices,Crizac Ltd.,Consumer Services,CRIZAC,EQ,INE0S4R01014
niftyconsumerservices,Devyani International Ltd.,Consumer Services,DEVYANI,EQ,INE872J01023
niftyconsumerservices,Avenue Supermarts Ltd.,Consumer Services,DMART,EQ,INE192R01011
niftyconsumerservices,EIH Ltd.,Consumer Services,EIHOTEL,EQ,INE230A01023
niftyconsumerservices,Electronics Mart India Ltd.,Consumer Services,EMIL,EQ,INE02YR01019
niftyconsumerservices,Entero Healthcare Solutions Ltd.,Consumer Services,ENTERO,EQ,INE010601016
niftyconsumerservices,Eternal Ltd.,Consumer Services,ETERNAL,EQ,INE758T01015
niftyconsumerservices,Brainbees Solutions Ltd.,Consumer Services,FIRSTCRY,EQ,INE02RE01045
niftyconsumerservices,Indian Hotels Co. Ltd.,Consumer Services,INDHOTEL,EQ,INE053A01029
niftyconsumerservices,Indiamart Intermesh Ltd.,Consumer Services,INDIAMART,EQ,INE933S01016
niftyconsumerservices,Indian Railway Catering And Tourism Corporation Ltd.,Consumer Services,IRCTC,EQ,INE335Y01020
niftyconsumerservices,ITC Hotels Ltd.,Consumer Services,ITCHOTELS,EQ,INE379A01028
niftyconsumerservices,Le Travenues Technology Ltd.,Consumer Services,IXIGO,EQ,INE0HV901016
niftyconsumerservices,Jeena Sikho Lifecare Ltd.,Consumer Services,JSLL,EQ,INE0J5801029
niftyconsumerservices,Jubilant Foodworks Ltd.,Consumer Services,JUBLFOOD,EQ,INE797F01020
niftyconsumerservices,Justdial Ltd.,Consumer Services,JUSTDIAL,EQ,INE599M01018
niftyconsumerservices,Lemon Tree Hotels Ltd.,Consumer Services,LEMONTREE,EQ,INE970X01018
niftyconsumerservices,Lenskart Solutions Ltd.,Consumer Services,LENSKART,EQ,INE956O01016
niftyconsumerservices,Vedant Fashions Ltd.,Consumer Services,MANYAVAR,EQ,INE825V01034
niftyconsumerservices,Medplus Health Services Ltd.,Consumer Services,MEDPLUS,EQ,INE804L01022
niftyconsumerservices,Meesho Ltd.,Consumer Services,MEESHO,EQ,INE0VDM01015
niftyconsumerservices,Info Edge (India) Ltd.,Consumer Services,NAUKRI,EQ,INE663F01032
niftyconsumerservices,FSN E-Commerce Ventures Ltd.,Consumer Services,NYKAA,EQ,INE388Y01029
niftyconsumerservices,Physicswallah Ltd.,Consumer Services,PWL,EQ,INE0LP301011
niftyconsumerservices,Restaurant Brands Asia Ltd.,Consumer Services,RBA,EQ,INE07T201019
niftyconsumerservices,RattanIndia Enterprises Ltd.,Consumer Services,RTNINDIA,EQ,INE834M01019
niftyconsumerservices,Samhi Hotels Ltd.,Consumer Services,SAMHI,EQ,INE08U801020
niftyconsumerservices,Sapphire Foods India Ltd.,Consumer Services,SAPPHIRE,EQ,INE806T01020
niftyconsumerservices,Swiggy Ltd.,Consumer Services,SWIGGY,EQ,INE00H001014
niftyconsumerservices,TBO Tek Ltd.,Consumer Services,TBOTEK,EQ,INE673O01025
niftyconsumerservices,Leela Palaces Hotels & Resorts Ltd.,Consumer Services,THELEELA,EQ,INE0AQ201015
niftyconsumerservices,Thomas Cook (India) Ltd.,Consumer Services,THOMASCOOK,EQ,INE332A01027
niftyconsumerservices,Travel Food Services Ltd.,Consumer Services,TRAVELFOOD,EQ,INE103V01028
niftyconsumerservices,Trent Ltd.,Consumer Services,TRENT,EQ,INE849A01020
niftyconsumerservices,Urban Company Ltd.,Consumer Services,URBANCO,EQ,INE0CAZ01013
niftyconsumerservices,V2 Retail Ltd.,Consumer Services,V2RETAIL,EQ,INE945H01021
niftyconsumerservices,V-Mart Retail Ltd.,Consumer Services,VMART,EQ,INE665J01013
niftyconsumerservices,Vishal Mega Mart Ltd.,Consumer Services,VMM,EQ,INE01EA01019
niftyconsumerservices,Westlife Foodworld Ltd.,Consumer Services,WESTLIFE,EQ,INE274F01020
niftyenergy,ABB India Ltd.,Capital Goods,ABB,EQ,INE117A01022
niftyenergy,Adani Energy Solutions Ltd.,Power,ADANIENSOL,EQ,INE931S01010
niftyenergy,Adani Green Energy Ltd.,Power,ADANIGREEN,EQ,INE364U01010
niftyenergy,Adani Power Ltd.,Power,ADANIPOWER,EQ,INE814H01029
niftyenergy,Aegis Logistics Ltd.,Oil Gas & Consumable Fuels,AEGISLOG,EQ,INE208C01025
niftyenergy,Adani Total Gas Ltd.,Oil Gas & Consumable Fuels,ATGL,EQ,INE399L01023
niftyenergy,Bharat Heavy Electricals Ltd.,Capital Goods,BHEL,EQ,INE257A01026
niftyenergy,Bharat Petroleum Corporation Ltd.,Oil Gas & Consumable Fuels,BPCL,EQ,INE029A01011
niftyenergy,Castrol India Ltd.,Oil Gas & Consumable Fuels,CASTROLIND,EQ,INE172A01027
niftyenergy,CESC Ltd.,Power,CESC,EQ,INE486A01021
niftyenergy,CG Power and Industrial Solutions Ltd.,Capital Goods,CGPOWER,EQ,INE067A01029
niftyenergy,Coal India Ltd.,Oil Gas & Consumable Fuels,COALINDIA,EQ,INE522F01014
niftyenergy,Siemens Energy India Ltd.,Capital Goods,ENRIN,EQ,INE1NPP01017
niftyenergy,GAIL (India) Ltd.,Oil Gas & Consumable Fuels,GAIL,EQ,INE129A01019
niftyenergy,GE Vernova T&D India Ltd.,Capital Goods,GVT&D,EQ,INE200A01026
niftyenergy,Hindustan Petroleum Corporation Ltd.,Oil Gas & Consumable Fuels,HINDPETRO,EQ,INE094A01015
niftyenergy,Indraprastha Gas Ltd.,Oil Gas & Consumable Fuels,IGL,EQ,INE203G01027
niftyenergy,Inox Wind Ltd.,Capital Goods,INOXWIND,EQ,INE066P01011
niftyenergy,Indian Oil Corporation Ltd.,Oil Gas & Consumable Fuels,IOC,EQ,INE242A01010
niftyenergy,Jaiprakash Power Ventures Ltd.,Power,JPPOWER,EQ,INE351F01018
niftyenergy,JSW Energy Ltd.,Power,JSWENERGY,EQ,INE121E01018
niftyenergy,Mahanagar Gas Ltd.,Oil Gas & Consumable Fuels,MGL,EQ,INE002S01010
niftyenergy,Nava Ltd.,Power,NAVA,EQ,INE725A01030
niftyenergy,NHPC Ltd.,Power,NHPC,EQ,INE848E01016
niftyenergy,NLC India Ltd.,Power,NLCINDIA,EQ,INE589A01014
niftyenergy,NTPC Ltd.,Power,NTPC,EQ,INE733E01010
niftyenergy,NTPC Green Energy Ltd.,Power,NTPCGREEN,EQ,INE0ONG01011
niftyenergy,Oil India Ltd.,Oil Gas & Consumable Fuels,OIL,EQ,INE274J01014
niftyenergy,Oil & Natural Gas Corporation Ltd.,Oil Gas & Consumable Fuels,ONGC,EQ,INE213A01029
niftyenergy,Petronet LNG Ltd.,Oil Gas & Consumable Fuels,PETRONET,EQ,INE347G01014
niftyenergy,Power Grid Corporation of India Ltd.,Power,POWERGRID,EQ,INE752E01010
niftyenergy,Hitachi Energy India Ltd.,Capital Goods,POWERINDIA,EQ,INE07Y701011
niftyenergy,Reliance Industries Ltd.,Oil Gas & Consumable Fuels,RELIANCE,EQ,INE002A01018
niftyenergy,Reliance Power Ltd.,Power,RPOWER,EQ,INE614G01033
niftyenergy,Siemens Ltd.,Capital Goods,SIEMENS,EQ,INE003A01024
niftyenergy,SJVN Ltd.,Power,SJVN,EQ,INE002L01015
niftyenergy,Suzlon Energy Ltd.,Capital Goods,SUZLON,EQ,INE040H01021
niftyenergy,Tata Power Co. Ltd.,Power,TATAPOWER,EQ,INE245A01021
niftyenergy,Thermax Ltd.,Capital Goods,THERMAX,EQ,INE152A01029
niftyenergy,Torrent Power Ltd.,Power,TORNTPOWER,EQ,INE813H01021
niftyfinancialservices,Axis Bank Ltd.,Financial Services,AXISBANK,EQ,INE238A01034
niftyfinancialservices,Bajaj Finserv Ltd.,Financial Services,BAJAJFINSV,EQ,INE918I01026
niftyfinancialservices,Bajaj Finance Ltd.,Financial Services,BAJFINANCE,EQ,INE296A01032
niftyfinancialservices,BSE Ltd.,Financial Services,BSE,EQ,INE118H01025
niftyfinancialservices,Cholamandalam Investment and Finance Company Ltd.,Financial Services,CHOLAFIN,EQ,INE121A01024
niftyfinancialservices,HDFC Bank Ltd.,Financial Services,HDFCBANK,EQ,INE040A01034
niftyfinancialservices,HDFC Life Insurance Company Ltd.,Financial Services,HDFCLIFE,EQ,INE795G01014
niftyfinancialservices,ICICI Bank Ltd.,Financial Services,ICICIBANK,EQ,INE090A01021
niftyfinancialservices,ICICI Lombard General Insurance Company Ltd.,Financial Services,ICICIGI,EQ,INE765G01017
niftyfinancialservices,Jio Financial Services Ltd.,Financial Services,JIOFIN,EQ,INE758E01017
niftyfinancialservices,Kotak Mahindra Bank Ltd.,Financial Services,KOTAKBANK,EQ,INE237A01036
niftyfinancialservices,LIC Housing Finance Ltd.,Financial Services,LICHSGFIN,EQ,INE115A01026
niftyfinancialservices,Max Financial Services Ltd.,Financial Services,MFSL,EQ,INE180A01020
niftyfinancialservices,Muthoot Finance Ltd.,Financial Services,MUTHOOTFIN,EQ,INE414G01012
niftyfinancialservices,Power Finance Corporation Ltd.,Financial Services,PFC,EQ,INE134E01011
niftyfinancialservices,REC Ltd.,Financial Services,RECLTD,EQ,INE020B01018
niftyfinancialservices,SBI Cards and Payment Services Ltd.,Financial Services,SBICARD,EQ,INE018E01016
niftyfinancialservices,SBI Life Insurance Company Ltd.,Financial Services,SBILIFE,EQ,INE123W01016
niftyfinancialservices,State Bank of India,Financial Services,SBIN,EQ,INE062A01020
niftyfinancialservices,Shriram Finance Ltd.,Financial Services,SHRIRAMFIN,EQ,INE721A01047
niftyfinancialservices2550,Axis Bank Ltd.,Financial Services,AXISBANK,EQ,INE238A01034
niftyfinancialservices2550,Bajaj Finserv Ltd.,Financial Services,BAJAJFINSV,EQ,INE918I01026
niftyfinancialservices2550,Bajaj Finance Ltd.,Financial Services,BAJFINANCE,EQ,INE296A01032
niftyfinancialservices2550,BSE Ltd.,Financial Services,BSE,EQ,INE118H01025
niftyfinancialservices2550,Cholamandalam Investment and Finance Company Ltd.,Financial Services,CHOLAFIN,EQ,INE121A01024
niftyfinancialservices2550,HDFC Bank Ltd.,Financial Services,HDFCBANK,EQ,INE040A01034
niftyfinancialservices2550,HDFC Life Insurance Company Ltd.,Financial Services,HDFCLIFE,EQ,INE795G01014
niftyfinancialservices2550,ICICI Bank Ltd.,Financial Services,ICICIBANK,EQ,INE090A01021
niftyfinancialservices2550,ICICI Lombard General Insurance Company Ltd.,Financial Services,ICICIGI,EQ,INE765G01017
niftyfinancialservices2550,Jio Financial Services Ltd.,Financial Services,JIOFIN,EQ,INE758E01017
niftyfinancialservices2550,Kotak Mahindra Bank Ltd.,Financial Services,KOTAKBANK,EQ,INE237A01036
niftyfinancialservices2550,LIC Housing Finance Ltd.,Financial Services,LICHSGFIN,EQ,INE115A01026
niftyfinancialservices2550,Max Financial Services Ltd.,Financial Services,MFSL,EQ,INE180A01020
niftyfinancialservices2550,Muthoot Finance Ltd.,Financial Services,MUTHOOTFIN,EQ,INE414G01012
niftyfinancialservices2550,Power Finance Corporation Ltd.,Financial Services,PFC,EQ,INE134E01011
niftyfinancialservices2550,REC Ltd.,Financial Services,RECLTD,EQ,INE020B01018
niftyfinancialservices2550,SBI Cards and Payment Services Ltd.,Financial Services,SBICARD,EQ,INE018E01016
niftyfinancialservices2550,SBI Life Insurance Company Ltd.,Financial Services,SBILIFE,EQ,INE123W01016
niftyfinancialservices2550,State Bank of India,Financial Services,SBIN,EQ,INE062A01020
niftyfinancialservices2550,Shriram Finance Ltd.,Financial Services,SHRIRAMFIN,EQ,INE721A01047
niftyfinancialservicesexbank,360 ONE WAM Ltd.,Financial Services,360ONE,EQ,INE466L01038
niftyfinancialservicesexbank,Aditya Birla Capital Ltd.,Financial Services,ABCAPITAL,EQ,INE674K01013
niftyfinancialservicesexbank,Angel One Ltd.,Financial Services,ANGELONE,EQ,INE732I01021
niftyfinancialservicesexbank,Bajaj Finserv Ltd.,Financial Services,BAJAJFINSV,EQ,INE918I01026
niftyfinancialservicesexbank,Bajaj Holdings & Investment Ltd.,Financial Services,BAJAJHLDNG,EQ,INE118A01012
niftyfinancialservicesexbank,Bajaj Finance Ltd.,Financial Services,BAJFINANCE,EQ,INE296A01032
niftyfinancialservicesexbank,BSE Ltd.,Financial Services,BSE,EQ,INE118H01025
niftyfinancialservicesexbank,Computer Age Management Services Ltd.,Financial Services,CAMS,EQ,INE596I01020
niftyfinancialservicesexbank,Central Depository Services (India) Ltd.,Financial Services,CDSL,EQ,INE736A01011
niftyfinancialservicesexbank,Cholamandalam Investment and Finance Company Ltd.,Financial Services,CHOLAFIN,EQ,INE121A01024
niftyfinancialservicesexbank,HDFC Asset Management Company Ltd.,Financial Services,HDFCAMC,EQ,INE127D01025
niftyfinancialservicesexbank,HDFC Life Insurance Company Ltd.,Financial Services,HDFCLIFE,EQ,INE795G01014
niftyfinancialservicesexbank,ICICI Lombard General Insurance Company Ltd.,Financial Services,ICICIGI,EQ,INE765G01017
niftyfinancialservicesexbank,ICICI Prudential Life Insurance Company Ltd.,Financial Services,ICICIPRULI,EQ,INE726G01019
niftyfinancialservicesexbank,Indian Railway Finance Corporation Ltd.,Financial Services,IRFC,EQ,INE053F01010
niftyfinancialservicesexbank,Jio Financial Services Ltd.,Financial Services,JIOFIN,EQ,INE758E01017
niftyfinancialservicesexbank,LIC Housing Finance Ltd.,Financial Services,LICHSGFIN,EQ,INE115A01026
niftyfinancialservicesexbank,Life Insurance Corporation of India,Financial Services,LICI,EQ,INE0J1Y01017
niftyfinancialservicesexbank,L&T Finance Ltd.,Financial Services,LTF,EQ,INE498L01015
niftyfinancialservicesexbank,Multi Commodity Exchange of India Ltd.,Financial Services,MCX,EQ,INE745G01043
niftyfinancialservicesexbank,Max Financial Services Ltd.,Financial Services,MFSL,EQ,INE180A01020
niftyfinancialservicesexbank,Muthoot Finance Ltd.,Financial Services,MUTHOOTFIN,EQ,INE414G01012
niftyfinancialservicesexbank,One 97 Communications Ltd.,Financial Services,PAYTM,EQ,INE982J01020
niftyfinancialservicesexbank,Power Finance Corporation Ltd.,Financial Services,PFC,EQ,INE134E01011
niftyfinancialservicesexbank,PNB Housing Finance Ltd.,Financial Services,PNBHOUSING,EQ,INE572E01012
niftyfinancialservicesexbank,PB Fintech Ltd.,Financial Services,POLICYBZR,EQ,INE417T01026
niftyfinancialservicesexbank,REC Ltd.,Financial Services,RECLTD,EQ,INE020B01018
niftyfinancialservicesexbank,SBI Cards and Payment Services Ltd.,Financial Services,SBICARD,EQ,INE018E01016
niftyfinancialservicesexbank,SBI Life Insurance Company Ltd.,Financial Services,SBILIFE,EQ,INE123W01016
niftyfinancialservicesexbank,Shriram Finance Ltd.,Financial Services,SHRIRAMFIN,EQ,INE721A01047
niftyfmcg,Britannia Industries Ltd.,Fast Moving Consumer Goods,BRITANNIA,EQ,INE216A01030
niftyfmcg,Colgate Palmolive (India) Ltd.,Fast Moving Consumer Goods,COLPAL,EQ,INE259A01022
niftyfmcg,Dabur India Ltd.,Fast Moving Consumer Goods,DABUR,EQ,INE016A01026
niftyfmcg,Emami Ltd.,Fast Moving Consumer Goods,EMAMILTD,EQ,INE548C01032
niftyfmcg,Godrej Consumer Products Ltd.,Fast Moving Consumer Goods,GODREJCP,EQ,INE102D01028
niftyfmcg,Hindustan Unilever Ltd.,Fast Moving Consumer Goods,HINDUNILVR,EQ,INE030A01027
niftyfmcg,ITC Ltd.,Fast Moving Consumer Goods,ITC,EQ,INE154A01025
niftyfmcg,Marico Ltd.,Fast Moving Consumer Goods,MARICO,EQ,INE196A01026
niftyfmcg,Nestle India Ltd.,Fast Moving Consumer Goods,NESTLEIND,EQ,INE239A01024
niftyfmcg,Patanjali Foods Ltd.,Fast Moving Consumer Goods,PATANJALI,EQ,INE619A01035
niftyfmcg,Radico Khaitan Ltd,Fast Moving Consumer Goods,RADICO,EQ,INE944F01028
niftyfmcg,Tata Consumer Products Ltd.,Fast Moving Consumer Goods,TATACONSUM,EQ,INE192A01025
niftyfmcg,United Breweries Ltd.,Fast Moving Consumer Goods,UBL,EQ,INE686F01025
niftyfmcg,United Spirits Ltd.,Fast Moving Consumer Goods,UNITDSPR,EQ,INE854D01024
niftyfmcg,Varun Beverages Ltd.,Fast Moving Consumer Goods,VBL,EQ,INE200M01039
niftyhealthcare,Abbott India Ltd.,Healthcare,ABBOTINDIA,EQ,INE358A01014
niftyhealthcare,Alkem Laboratories Ltd.,Healthcare,ALKEM,EQ,INE540L01014
niftyhealthcare,Apollo Hospitals Enterprise Ltd.,Healthcare,APOLLOHOSP,EQ,INE437A01024
niftyhealthcare,Aurobindo Pharma Ltd.,Healthcare,AUROPHARMA,EQ,INE406A01037
niftyhealthcare,Biocon Ltd.,Healthcare,BIOCON,EQ,INE376G01013
niftyhealthcare,Cipla Ltd.,Healthcare,CIPLA,EQ,INE059A01026
niftyhealthcare,Divi's Laboratories Ltd.,Healthcare,DIVISLAB,EQ,INE361B01024
niftyhealthcare,Dr. Reddy's Laboratories Ltd.,Healthcare,DRREDDY,EQ,INE089A01031
niftyhealthcare,Fortis Healthcare Ltd.,Healthcare,FORTIS,EQ,INE061F01013
niftyhealthcare,Glenmark Pharmaceuticals Ltd.,Healthcare,GLENMARK,EQ,INE935A01035
niftyhealthcare,Ipca Laboratories Ltd.,Healthcare,IPCALAB,EQ,INE571A01038
niftyhealthcare,Laurus Labs Ltd.,Healthcare,LAURUSLABS,EQ,INE947Q01028
niftyhealthcare,Lupin Ltd.,Healthcare,LUPIN,EQ,INE326A01037
niftyhealthcare,Mankind Pharma Ltd.,Healthcare,MANKIND,EQ,INE634S01028
niftyhealthcare,Max Healthcare Institute Ltd.,Healthcare,MAXHEALTH,EQ,INE027H01010
niftyhealthcare,Piramal Pharma Ltd.,Healthcare,PPLPHARMA,EQ,INE0DK501011
niftyhealthcare,Sun Pharmaceutical Industries Ltd.,Healthcare,SUNPHARMA,EQ,INE044A01036
niftyhealthcare,Syngene International Ltd.,Healthcare,SYNGENE,EQ,INE398R01022
niftyhealthcare,Torrent Pharmaceuticals Ltd.,Healthcare,TORNTPHARM,EQ,INE685A01028
niftyhealthcare,Zydus Lifesciences Ltd.,Healthcare,ZYDUSLIFE,EQ,INE010B01027
niftyhospitals,Dr. Agarwal's Health Care Ltd.,Healthcare,AGARWALEYE,EQ,INE943P01029
niftyhospitals,Apollo Hospitals Enterprise Ltd.,Healthcare,APOLLOHOSP,EQ,INE437A01024
niftyhospitals,Aster DM Healthcare Ltd.,Healthcare,ASTERDM,EQ,INE914M01019
niftyhospitals,Fortis Healthcare Ltd.,Healthcare,FORTIS,EQ,INE061F01013
niftyhospitals,Healthcare Global Enterprises Ltd.,Healthcare,HCG,EQ,INE075I01017
niftyhospitals,Jupiter Life Line Hospitals Ltd.,Healthcare,JLHL,EQ,INE682M01012
niftyhospitals,Krishna Institute of Medical Sciences Ltd.,Healthcare,KIMS,EQ,INE967H01025
niftyhospitals,Max Healthcare Institute Ltd.,Healthcare,MAXHEALTH,EQ,INE027H01010
niftyhospitals,Global Health Ltd.,Healthcare,MEDANTA,EQ,INE474Q01031
niftyhospitals,Narayana Hrudayalaya Ltd.,Healthcare,NH,EQ,INE410P01011
niftyhospitals,Park Medi World Ltd.,Healthcare,PARKHOSPS,EQ,INE119201023
niftyhospitals,Rainbow Childrens Medicare Ltd.,Healthcare,RAINBOW,EQ,INE961O01016
niftyhospitals,Yatharth Hospital & Trauma Care Services Ltd.,Healthcare,YATHARTH,EQ,INE0JO301016
niftyhousing,ACC Ltd.,CEMENT & CEMENT PRODUCTS,ACC,EQ,INE012A01025
niftyhousing,Adani Green Energy Ltd.,POWER,ADANIGREEN,EQ,INE364U01010
niftyhousing,Ambuja Cements Ltd.,CEMENT & CEMENT PRODUCTS,AMBUJACEM,EQ,INE079A01024
niftyhousing,Asian Paints Ltd.,CONSUMER GOODS,ASIANPAINT,EQ,INE021A01026
niftyhousing,Adani Total Gas Ltd.,OIL & GAS,ATGL,BE,INE399L01023
niftyhousing,Axis Bank Ltd.,FINANCIAL SERVICES,AXISBANK,EQ,INE238A01034
niftyhousing,Bandhan Bank Ltd.,FINANCIAL SERVICES,BANDHANBNK,EQ,INE545U01014
niftyhousing,Bank of Baroda,FINANCIAL SERVICES,BANKBARODA,EQ,INE028A01039
niftyhousing,Berger Paints India Ltd.,CONSUMER GOODS,BERGEPAINT,EQ,INE463A01038
niftyhousing,Crompton Greaves Consumer Electricals Ltd.,CONSUMER GOODS,CROMPTON,EQ,INE299U01018
niftyhousing,City Union Bank Ltd.,FINANCIAL SERVICES,CUB,EQ,INE491A01021
niftyhousing,Dalmia Bharat Ltd.,CEMENT & CEMENT PRODUCTS,DALBHARAT,EQ,INE00R701025
niftyhousing,Dixon Technologies (India) Ltd.,CONSUMER GOODS,DIXON,EQ,INE935N01020
niftyhousing,DLF Ltd.,CONSTRUCTION,DLF,EQ,INE271C01023
niftyhousing,Federal Bank Ltd.,FINANCIAL SERVICES,FEDERALBNK,EQ,INE171A01029
niftyhousing,Godrej Properties Ltd.,CONSTRUCTION,GODREJPROP,EQ,INE484J01027
niftyhousing,Grasim Industries Ltd.,CEMENT & CEMENT PRODUCTS,GRASIM,EQ,INE047A01021
niftyhousing,Havells India Ltd.,CONSUMER GOODS,HAVELLS,EQ,INE176B01034
niftyhousing,Housing Development Finance Corporation Ltd.,FINANCIAL SERVICES,HDFC,EQ,INE001A01036
niftyhousing,HDFC Bank Ltd.,FINANCIAL SERVICES,HDFCBANK,EQ,INE040A01034
niftyhousing,Indiabulls Housing Finance Ltd.,FINANCIAL SERVICES,IBULHSGFIN,EQ,INE148I01020
niftyhousing,ICICI Bank Ltd.,FINANCIAL SERVICES,ICICIBANK,EQ,INE090A01021
niftyhousing,IDFC First Bank Ltd.,FINANCIAL SERVICES,IDFCFIRSTB,EQ,INE092T01019
niftyhousing,Indraprastha Gas Ltd.,OIL & GAS,IGL,EQ,INE203G01027
niftyhousing,IndusInd Bank Ltd.,FINANCIAL SERVICES,INDUSINDBK,EQ,INE095A01012
niftyhousing,Jindal Steel & Power Ltd.,METALS,JINDALSTEL,EQ,INE749A01030
niftyhousing,J.K. Cement Ltd.,CEMENT & CEMENT PRODUCTS,JKCEMENT,EQ,INE823G01014
niftyhousing,JSW Steel Ltd.,METALS,JSWSTEEL,EQ,INE019A01038
niftyhousing,Kajaria Ceramics Ltd.,CONSUMER GOODS,KAJARIACER,EQ,INE217B01036
niftyhousing,Kansai Nerolac Paints Ltd.,CONSUMER GOODS,KANSAINER,EQ,INE531A01024
niftyhousing,Kotak Mahindra Bank Ltd.,FINANCIAL SERVICES,KOTAKBANK,EQ,INE237A01028
niftyhousing,LIC Housing Finance Ltd.,FINANCIAL SERVICES,LICHSGFIN,EQ,INE115A01026
niftyhousing,Larsen & Toubro Ltd.,CONSTRUCTION,LT,EQ,INE018A01030
niftyhousing,Mahanagar Gas Ltd.,OIL & GAS,MGL,EQ,INE002S01010
niftyhousing,NTPC Ltd.,POWER,NTPC,EQ,INE733E01010
niftyhousing,Oberoi Realty Ltd.,CONSTRUCTION,OBEROIRLTY,EQ,INE093I01010
niftyhousing,Petronet LNG Ltd.,OIL & GAS,PETRONET,EQ,INE347G01014
niftyhousing,Punjab National Bank,FINANCIAL SERVICES,PNB,EQ,INE160A01022
niftyhousing,The Ramco Cements Ltd.,CEMENT & CEMENT PRODUCTS,RAMCOCEM,EQ,INE331A01037
niftyhousing,RBL Bank Ltd.,FINANCIAL SERVICES,RBLBANK,EQ,INE976G01028
niftyhousing,Steel Authority of India Ltd.,METALS,SAIL,EQ,INE114A01011
niftyhousing,State Bank of India,FINANCIAL SERVICES,SBIN,EQ,INE062A01020
niftyhousing,Shree Cement Ltd.,CEMENT & CEMENT PRODUCTS,SHREECEM,EQ,INE070A01015
niftyhousing,Tata Power Co. Ltd.,POWER,TATAPOWER,EQ,INE245A01021
niftyhousing,Tata Steel Ltd.,METALS,TATASTEEL,EQ,INE081A01012
niftyhousing,Torrent Power Ltd.,POWER,TORNTPOWER,EQ,INE813H01021
niftyhousing,UltraTech Cement Ltd.,CEMENT & CEMENT PRODUCTS,ULTRACEMCO,EQ,INE481G01011
niftyhousing,Voltas Ltd.,CONSUMER GOODS,VOLTAS,EQ,INE226A01021
niftyhousing,Whirlpool of India Ltd.,CONSUMER GOODS,WHIRLPOOL,EQ,INE716A01013
niftyhousing,Yes Bank Ltd.,FINANCIAL SERVICES,YESBANK,EQ,INE528G01035
niftyhousingfinance,Aadhar Housing Finance Ltd.,Financial Services,AADHARHFC,EQ,INE883F01010
niftyhousingfinance,Aavas Financiers Ltd.,Financial Services,AAVAS,EQ,INE216P01012
niftyhousingfinance,Aptus Value Housing Finance India Ltd.,Financial Services,APTUS,EQ,INE852O01025
niftyhousingfinance,Bajaj Housing Finance Ltd.,Financial Services,BAJAJHFL,EQ,INE377Y01014
niftyhousingfinance,Can Fin Homes Ltd.,Financial Services,CANFINHOME,EQ,INE477A01020
niftyhousingfinance,Home First Finance Company India Ltd.,Financial Services,HOMEFIRST,EQ,INE481N01025
niftyhousingfinance,India Shelter Finance Corporation Ltd.,Financial Services,INDIASHLTR,EQ,INE922K01024
niftyhousingfinance,LIC Housing Finance Ltd.,Financial Services,LICHSGFIN,EQ,INE115A01026
niftyhousingfinance,PNB Housing Finance Ltd.,Financial Services,PNBHOUSING,EQ,INE572E01012
niftyhousingfinance,Sammaan Capital Ltd.,Financial Services,SAMMAANCAP,EQ,INE148I01020
niftyindiaconsumption,Adani Power Ltd.,Power,ADANIPOWER,EQ,INE814H01029
niftyindiaconsumption,Apollo Hospitals Enterprise Ltd.,Healthcare,APOLLOHOSP,EQ,INE437A01024
niftyindiaconsumption,Asian Paints Ltd.,Consumer Durables,ASIANPAINT,EQ,INE021A01026
niftyindiaconsumption,Bajaj Auto Ltd.,Automobile and Auto Components,BAJAJ-AUTO,EQ,INE917I01010
niftyindiaconsumption,Bharti Airtel Ltd.,Telecommunication,BHARTIARTL,EQ,INE397D01024
niftyindiaconsumption,Britannia Industries Ltd.,Fast Moving Consumer Goods,BRITANNIA,EQ,INE216A01030
niftyindiaconsumption,Dixon Technologies (India) Ltd.,Consumer Durables,DIXON,EQ,INE935N01020
niftyindiaconsumption,DLF Ltd.,Realty,DLF,EQ,INE271C01023
niftyindiaconsumption,Avenue Supermarts Ltd.,Consumer Services,DMART,EQ,INE192R01011
niftyindiaconsumption,Eicher Motors Ltd.,Automobile and Auto Components,EICHERMOT,EQ,INE066A01021
niftyindiaconsumption,Eternal Ltd.,Consumer Services,ETERNAL,EQ,INE758T01015
niftyindiaconsumption,Godrej Consumer Products Ltd.,Fast Moving Consumer Goods,GODREJCP,EQ,INE102D01028
niftyindiaconsumption,Havells India Ltd.,Consumer Durables,HAVELLS,EQ,INE176B01034
niftyindiaconsumption,Hero MotoCorp Ltd.,Automobile and Auto Components,HEROMOTOCO,EQ,INE158A01026
niftyindiaconsumption,Hindustan Unilever Ltd.,Fast Moving Consumer Goods,HINDUNILVR,EQ,INE030A01027
niftyindiaconsumption,Indian Hotels Co. Ltd.,Consumer Services,INDHOTEL,EQ,INE053A01029
niftyindiaconsumption,InterGlobe Aviation Ltd.,Services,INDIGO,EQ,INE646L01027
niftyindiaconsumption,ITC Ltd.,Fast Moving Consumer Goods,ITC,EQ,INE154A01025
niftyindiaconsumption,Mahindra & Mahindra Ltd.,Automobile and Auto Components,M&M,EQ,INE101A01026
niftyindiaconsumption,Maruti Suzuki India Ltd.,Automobile and Auto Components,MARUTI,EQ,INE585B01010
niftyindiaconsumption,Max Healthcare Institute Ltd.,Healthcare,MAXHEALTH,EQ,INE027H01010
niftyindiaconsumption,Info Edge (India) Ltd.,Consumer Services,NAUKRI,EQ,INE663F01032
niftyindiaconsumption,Nestle India Ltd.,Fast Moving Consumer Goods,NESTLEIND,EQ,INE239A01024
niftyindiaconsumption,Tata Consumer Products Ltd.,Fast Moving Consumer Goods,TATACONSUM,EQ,INE192A01025
niftyindiaconsumption,Tata Power Co. Ltd.,Power,TATAPOWER,EQ,INE245A01021
niftyindiaconsumption,Titan Company Ltd.,Consumer Durables,TITAN,EQ,INE280A01028
niftyindiaconsumption,Trent Ltd.,Consumer Services,TRENT,EQ,INE849A01020
niftyindiaconsumption,TVS Motor Company Ltd.,Automobile and Auto Components,TVSMOTOR,EQ,INE494B01023
niftyindiaconsumption,United Spirits Ltd.,Fast Moving Consumer Goods,UNITDSPR,EQ,INE854D01024
niftyindiaconsumption,Varun Beverages Ltd.,Fast Moving Consumer Goods,VBL,EQ,INE200M01039
niftyindiadefence,Aequs Ltd.,Capital Goods,AEQUS,EQ,INE947N01017
niftyindiadefence,Apollo Micro Systems Ltd.,Capital Goods,APOLLO,EQ,INE713T01028
niftyindiadefence,Astra Microwave Products Ltd.,Capital Goods,ASTRAMICRO,EQ,INE386C01029
niftyindiadefence,AXISCADES Technologies Ltd.,Capital Goods,AXISCADES,EQ,INE555B01013
niftyindiadefence,Bharat Dynamics Ltd.,Capital Goods,BDL,EQ,INE171Z01026
niftyindiadefence,Bharat Electronics Ltd.,Capital Goods,BEL,EQ,INE263A01024
niftyindiadefence,BEML Ltd.,Capital Goods,BEML,EQ,INE258A01024
niftyindiadefence,Bharat Forge Ltd.,Automobile and Auto Components,BHARATFORG,EQ,INE465A01025
niftyindiadefence,Cochin Shipyard Ltd.,Capital Goods,COCHINSHIP,EQ,INE704P01025
niftyindiadefence,Data Patterns (India) Ltd.,Capital Goods,DATAPATTNS,EQ,INE0IX101010
niftyindiadefence,Dynamatic Technologies Ltd.,Capital Goods,DYNAMATECH,EQ,INE221B01012
niftyindiadefence,Garden Reach Shipbuilders & Engineers Ltd.,Capital Goods,GRSE,EQ,INE382Z01011
niftyindiadefence,Hindustan Aeronautics Ltd.,Capital Goods,HAL,EQ,INE066F01020
niftyindiadefence,Mazagoan Dock Shipbuilders Ltd.,Capital Goods,MAZDOCK,EQ,INE249Z01020
niftyindiadefence,Mishra Dhatu Nigam Ltd.,Capital Goods,MIDHANI,EQ,INE099Z01011
niftyindiadefence,MTAR Technologies Ltd.,Capital Goods,MTARTECH,BE,INE864I01014
niftyindiadefence,Paras Defence and Space Technologies Ltd.,Capital Goods,PARAS,EQ,INE045601023
niftyindiadefence,Solar Industries India Ltd.,Chemicals,SOLARINDS,EQ,INE343H01029
niftyindiadefence,Zen Technologies Ltd.,Capital Goods,ZENTEC,EQ,INE251B01027
niftyindiadigital,Affle 3i Ltd.,Information Technology,AFFLE,EQ,INE00WC01027
niftyindiadigital,Bharti Airtel Ltd.,Telecommunication,BHARTIARTL,EQ,INE397D01024
niftyindiadigital,Bharti Hexacom Ltd.,Telecommunication,BHARTIHEXA,EQ,INE343G01021
niftyindiadigital,BLS International Services Ltd.,Consumer Services,BLS,EQ,INE153T01027
niftyindiadigital,Birlasoft Ltd.,Information Technology,BSOFT,EQ,INE836A01035
niftyindiadigital,Cartrade Tech Ltd.,Consumer Services,CARTRADE,EQ,INE290S01011
niftyindiadigital,Coforge Ltd.,Information Technology,COFORGE,EQ,INE591G01025
niftyindiadigital,Cyient Ltd.,Information Technology,CYIENT,EQ,INE136B01020
niftyindiadigital,Eternal Ltd.,Consumer Services,ETERNAL,EQ,INE758T01015
niftyindiadigital,Brainbees Solutions Ltd.,Consumer Services,FIRSTCRY,EQ,INE02RE01045
niftyindiadigital,HCL Technologies Ltd.,Information Technology,HCLTECH,EQ,INE860A01027
niftyindiadigital,Hexaware Technologies Ltd.,Information Technology,HEXT,EQ,INE093A01041
niftyindiadigital,Vodafone Idea Ltd.,Telecommunication,IDEA,EQ,INE669E01016
niftyindiadigital,Inventurus Knowledge Solutions Ltd.,Information Technology,IKS,EQ,INE115Q01022
niftyindiadigital,Indiamart Intermesh Ltd.,Consumer Services,INDIAMART,EQ,INE933S01016
niftyindiadigital,Infosys Ltd.,Information Technology,INFY,EQ,INE009A01021
niftyindiadigital,Intellect Design Arena Ltd.,Information Technology,INTELLECT,EQ,INE306R01017
niftyindiadigital,Indian Railway Catering And Tourism Corporation Ltd.,Consumer Services,IRCTC,EQ,INE335Y01020
niftyindiadigital,ITI Ltd.,Telecommunication,ITI,EQ,INE248A01017
niftyindiadigital,KPIT Technologies Ltd.,Information Technology,KPITTECH,EQ,INE04I401011
niftyindiadigital,Latent View Analytics Ltd.,Information Technology,LATENTVIEW,EQ,INE0I7C01011
niftyindiadigital,LTM Ltd.,Information Technology,LTM,EQ,INE214T01019
niftyindiadigital,L&T Technology Services Ltd.,Information Technology,LTTS,EQ,INE010V01017
niftyindiadigital,C.E. Info Systems Ltd.,Information Technology,MAPMYINDIA,EQ,INE0BV301023
niftyindiadigital,Meesho Ltd.,Consumer Services,MEESHO,EQ,INE0VDM01015
niftyindiadigital,MphasiS Ltd.,Information Technology,MPHASIS,EQ,INE356A01018
niftyindiadigital,Info Edge (India) Ltd.,Consumer Services,NAUKRI,EQ,INE663F01032
niftyindiadigital,Netweb Technologies India Ltd.,Information Technology,NETWEB,EQ,INE0NT901020
niftyindiadigital,Newgen Software Technologies Ltd.,Information Technology,NEWGEN,EQ,INE619B01017
niftyindiadigital,FSN E-Commerce Ventures Ltd.,Consumer Services,NYKAA,EQ,INE388Y01029
niftyindiadigital,Oracle Financial Services Software Ltd.,Information Technology,OFSS,EQ,INE881D01027
niftyindiadigital,One 97 Communications Ltd.,Financial Services,PAYTM,EQ,INE982J01020
niftyindiadigital,Persistent Systems Ltd.,Information Technology,PERSISTENT,EQ,INE262H01021
niftyindiadigital,Pine Labs Ltd.,Financial Services,PINELABS,EQ,INE15B701018
niftyindiadigital,PB Fintech Ltd.,Financial Services,POLICYBZR,EQ,INE417T01026
niftyindiadigital,Physicswallah Ltd.,Consumer Services,PWL,EQ,INE0LP301011
niftyindiadigital,Railtel Corporation Of India Ltd.,Telecommunication,RAILTEL,EQ,INE0DD101019
niftyindiadigital,Sagility Ltd.,Information Technology,SAGILITY,EQ,INE0W2G01015
niftyindiadigital,Sonata Software Ltd.,Information Technology,SONATSOFTW,EQ,INE269A01021
niftyindiadigital,Swiggy Ltd.,Consumer Services,SWIGGY,EQ,INE00H001014
niftyindiadigital,Tata Communications Ltd.,Telecommunication,TATACOMM,EQ,INE151A01013
niftyindiadigital,Tata Elxsi Ltd.,Information Technology,TATAELXSI,EQ,INE670A01012
niftyindiadigital,Tata Technologies Ltd.,Information Technology,TATATECH,EQ,INE142M01025
niftyindiadigital,TBO Tek Ltd.,Consumer Services,TBOTEK,EQ,INE673O01025
niftyindiadigital,Tata Consultancy Services Ltd.,Information Technology,TCS,EQ,INE467B01029
niftyindiadigital,Tech Mahindra Ltd.,Information Technology,TECHM,EQ,INE669C01036
niftyindiadigital,Tejas Networks Ltd.,Telecommunication,TEJASNET,EQ,INE010J01012
niftyindiadigital,Tata Teleservices (Maharashtra) Ltd.,Telecommunication,TTML,EQ,INE517B01013
niftyindiadigital,Urban Company Ltd.,Consumer Services,URBANCO,EQ,INE0CAZ01013
niftyindiadigital,Wipro Ltd.,Information Technology,WIPRO,EQ,INE075A01022
niftyindiadigital,Zensar Technolgies Ltd.,Information Technology,ZENSARTECH,EQ,INE520A01027
niftyindiafpi150,Aditya Birla Capital Ltd.,Financial Services,ABCAPITAL,EQ,INE674K01013
niftyindiafpi150,Adani Energy Solutions Ltd.,Power,ADANIENSOL,EQ,INE931S01010
niftyindiafpi150,Adani Enterprises Ltd.,Metals & Mining,ADANIENT,EQ,INE423A01024
niftyindiafpi150,Adani Green Energy Ltd.,Power,ADANIGREEN,EQ,INE364U01010
niftyindiafpi150,Adani Ports and Special Economic Zone Ltd.,Services,ADANIPORTS,EQ,INE742F01042
niftyindiafpi150,Adani Power Ltd.,Power,ADANIPOWER,EQ,INE814H01029
niftyindiafpi150,Alkem Laboratories Ltd.,Healthcare,ALKEM,EQ,INE540L01014
niftyindiafpi150,Ambuja Cements Ltd.,Construction Materials,AMBUJACEM,EQ,INE079A01024
niftyindiafpi150,APL Apollo Tubes Ltd.,Capital Goods,APLAPOLLO,EQ,INE702C01027
niftyindiafpi150,Apollo Hospitals Enterprise Ltd.,Healthcare,APOLLOHOSP,EQ,INE437A01024
niftyindiafpi150,Asian Paints Ltd.,Consumer Durables,ASIANPAINT,EQ,INE021A01026
niftyindiafpi150,AU Small Finance Bank Ltd.,Financial Services,AUBANK,EQ,INE949L01017
niftyindiafpi150,Aurobindo Pharma Ltd.,Healthcare,AUROPHARMA,EQ,INE406A01037
niftyindiafpi150,Axis Bank Ltd.,Financial Services,AXISBANK,EQ,INE238A01034
niftyindiafpi150,Bajaj Auto Ltd.,Automobile and Auto Components,BAJAJ-AUTO,EQ,INE917I01010
niftyindiafpi150,Bajaj Finserv Ltd.,Financial Services,BAJAJFINSV,EQ,INE918I01026
niftyindiafpi150,Bajaj Holdings & Investment Ltd.,Financial Services,BAJAJHLDNG,EQ,INE118A01012
niftyindiafpi150,Bajaj Finance Ltd.,Financial Services,BAJFINANCE,EQ,INE296A01032
niftyindiafpi150,Bank of Baroda,Financial Services,BANKBARODA,EQ,INE028A01039
niftyindiafpi150,Bharat Electronics Ltd.,Capital Goods,BEL,EQ,INE263A01024
niftyindiafpi150,Bharat Forge Ltd.,Automobile and Auto Components,BHARATFORG,EQ,INE465A01025
niftyindiafpi150,Bharti Airtel Ltd.,Telecommunication,BHARTIARTL,EQ,INE397D01024
niftyindiafpi150,Bharat Heavy Electricals Ltd.,Capital Goods,BHEL,EQ,INE257A01026
niftyindiafpi150,Blue Star Ltd.,Consumer Durables,BLUESTARCO,EQ,INE472A01039
niftyindiafpi150,Bharat Petroleum Corporation Ltd.,Oil Gas & Consumable Fuels,BPCL,EQ,INE029A01011
niftyindiafpi150,Britannia Industries Ltd.,Fast Moving Consumer Goods,BRITANNIA,EQ,INE216A01030
niftyindiafpi150,BSE Ltd.,Financial Services,BSE,EQ,INE118H01025
niftyindiafpi150,CG Power and Industrial Solutions Ltd.,Capital Goods,CGPOWER,EQ,INE067A01029
niftyindiafpi150,Cholamandalam Investment and Finance Company Ltd.,Financial Services,CHOLAFIN,EQ,INE121A01024
niftyindiafpi150,Cipla Ltd.,Healthcare,CIPLA,EQ,INE059A01026
niftyindiafpi150,Coal India Ltd.,Oil Gas & Consumable Fuels,COALINDIA,EQ,INE522F01014
niftyindiafpi150,Coforge Ltd.,Information Technology,COFORGE,EQ,INE591G01025
niftyindiafpi150,Cummins India Ltd.,Capital Goods,CUMMINSIND,EQ,INE298A01020
niftyindiafpi150,Dabur India Ltd.,Fast Moving Consumer Goods,DABUR,EQ,INE016A01026
niftyindiafpi150,Delhivery Ltd.,Services,DELHIVERY,EQ,INE148O01028
niftyindiafpi150,Divi's Laboratories Ltd.,Healthcare,DIVISLAB,EQ,INE361B01024
niftyindiafpi150,Dixon Technologies (India) Ltd.,Consumer Durables,DIXON,EQ,INE935N01020
niftyindiafpi150,DLF Ltd.,Realty,DLF,EQ,INE271C01023
niftyindiafpi150,Avenue Supermarts Ltd.,Consumer Services,DMART,EQ,INE192R01011
niftyindiafpi150,Dr. Reddy's Laboratories Ltd.,Healthcare,DRREDDY,EQ,INE089A01031
niftyindiafpi150,Eicher Motors Ltd.,Automobile and Auto Components,EICHERMOT,EQ,INE066A01021
niftyindiafpi150,Eternal Ltd.,Consumer Services,ETERNAL,EQ,INE758T01015
niftyindiafpi150,Federal Bank Ltd.,Financial Services,FEDERALBNK,EQ,INE171A01029
niftyindiafpi150,Fortis Healthcare Ltd.,Healthcare,FORTIS,EQ,INE061F01013
niftyindiafpi150,GAIL (India) Ltd.,Oil Gas & Consumable Fuels,GAIL,EQ,INE129A01019
niftyindiafpi150,Glenmark Pharmaceuticals Ltd.,Healthcare,GLENMARK,EQ,INE935A01035
niftyindiafpi150,GMR Airports Ltd.,Services,GMRAIRPORT,EQ,INE776C01039
niftyindiafpi150,Godrej Consumer Products Ltd.,Fast Moving Consumer Goods,GODREJCP,EQ,INE102D01028
niftyindiafpi150,Godrej Properties Ltd.,Realty,GODREJPROP,EQ,INE484J01027
niftyindiafpi150,Grasim Industries Ltd.,Construction Materials,GRASIM,EQ,INE047A01021
niftyindiafpi150,GE Vernova T&D India Ltd.,Capital Goods,GVT&D,EQ,INE200A01026
niftyindiafpi150,Hindustan Aeronautics Ltd.,Capital Goods,HAL,EQ,INE066F01020
niftyindiafpi150,Havells India Ltd.,Consumer Durables,HAVELLS,EQ,INE176B01034
niftyindiafpi150,HCL Technologies Ltd.,Information Technology,HCLTECH,EQ,INE860A01027
niftyindiafpi150,HDFC Asset Management Company Ltd.,Financial Services,HDFCAMC,EQ,INE127D01025
niftyindiafpi150,HDFC Bank Ltd.,Financial Services,HDFCBANK,EQ,INE040A01034
niftyindiafpi150,HDFC Life Insurance Company Ltd.,Financial Services,HDFCLIFE,EQ,INE795G01014
niftyindiafpi150,Hero MotoCorp Ltd.,Automobile and Auto Components,HEROMOTOCO,EQ,INE158A01026
niftyindiafpi150,Hindalco Industries Ltd.,Metals & Mining,HINDALCO,EQ,INE038A01020
niftyindiafpi150,Hindustan Petroleum Corporation Ltd.,Oil Gas & Consumable Fuels,HINDPETRO,EQ,INE094A01015
niftyindiafpi150,Hindustan Unilever Ltd.,Fast Moving Consumer Goods,HINDUNILVR,EQ,INE030A01027
niftyindiafpi150,Hindustan Zinc Ltd.,Metals & Mining,HINDZINC,EQ,INE267A01025
niftyindiafpi150,ICICI Bank Ltd.,Financial Services,ICICIBANK,EQ,INE090A01021
niftyindiafpi150,ICICI Lombard General Insurance Company Ltd.,Financial Services,ICICIGI,EQ,INE765G01017
niftyindiafpi150,ICICI Prudential Life Insurance Company Ltd.,Financial Services,ICICIPRULI,EQ,INE726G01019
niftyindiafpi150,Vodafone Idea Ltd.,Telecommunication,IDEA,EQ,INE669E01016
niftyindiafpi150,Indian Hotels Co. Ltd.,Consumer Services,INDHOTEL,EQ,INE053A01029
niftyindiafpi150,InterGlobe Aviation Ltd.,Services,INDIGO,EQ,INE646L01027
niftyindiafpi150,IndusInd Bank Ltd.,Financial Services,INDUSINDBK,EQ,INE095A01012
niftyindiafpi150,Indus Towers Ltd.,Telecommunication,INDUSTOWER,EQ,INE121J01017
niftyindiafpi150,Infosys Ltd.,Information Technology,INFY,EQ,INE009A01021
niftyindiafpi150,Indian Oil Corporation Ltd.,Oil Gas & Consumable Fuels,IOC,EQ,INE242A01010
niftyindiafpi150,Indian Railway Finance Corporation Ltd.,Financial Services,IRFC,EQ,INE053F01010
niftyindiafpi150,ITC Ltd.,Fast Moving Consumer Goods,ITC,EQ,INE154A01025
niftyindiafpi150,Jindal Steel Ltd.,Metals & Mining,JINDALSTEL,EQ,INE749A01030
niftyindiafpi150,Jio Financial Services Ltd.,Financial Services,JIOFIN,EQ,INE758E01017
niftyindiafpi150,JSW Energy Ltd.,Power,JSWENERGY,EQ,INE121E01018
niftyindiafpi150,JSW Steel Ltd.,Metals & Mining,JSWSTEEL,EQ,INE019A01038
niftyindiafpi150,KEI Industries Ltd.,Capital Goods,KEI,EQ,INE878B01027
niftyindiafpi150,Kotak Mahindra Bank Ltd.,Financial Services,KOTAKBANK,EQ,INE237A01036
niftyindiafpi150,Laurus Labs Ltd.,Healthcare,LAURUSLABS,EQ,INE947Q01028
niftyindiafpi150,Lodha Developers Ltd.,Realty,LODHA,EQ,INE670K01029
niftyindiafpi150,Larsen & Toubro Ltd.,Construction,LT,EQ,INE018A01030
niftyindiafpi150,LTM Ltd.,Information Technology,LTM,EQ,INE214T01019
niftyindiafpi150,Lupin Ltd.,Healthcare,LUPIN,EQ,INE326A01037
niftyindiafpi150,Mahindra & Mahindra Ltd.,Automobile and Auto Components,M&M,EQ,INE101A01026
niftyindiafpi150,Mankind Pharma Ltd.,Healthcare,MANKIND,EQ,INE634S01028
niftyindiafpi150,Marico Ltd.,Fast Moving Consumer Goods,MARICO,EQ,INE196A01026
niftyindiafpi150,Maruti Suzuki India Ltd.,Automobile and Auto Components,MARUTI,EQ,INE585B01010
niftyindiafpi150,Max Healthcare Institute Ltd.,Healthcare,MAXHEALTH,EQ,INE027H01010
niftyindiafpi150,Max Financial Services Ltd.,Financial Services,MFSL,EQ,INE180A01020
niftyindiafpi150,Samvardhana Motherson International Ltd.,Automobile and Auto Components,MOTHERSON,EQ,INE775A01035
niftyindiafpi150,MphasiS Ltd.,Information Technology,MPHASIS,EQ,INE356A01018
niftyindiafpi150,Muthoot Finance Ltd.,Financial Services,MUTHOOTFIN,EQ,INE414G01012
niftyindiafpi150,National Aluminium Co. Ltd.,Metals & Mining,NATIONALUM,EQ,INE139A01034
niftyindiafpi150,Info Edge (India) Ltd.,Consumer Services,NAUKRI,EQ,INE663F01032
niftyindiafpi150,Nestle India Ltd.,Fast Moving Consumer Goods,NESTLEIND,EQ,INE239A01024
niftyindiafpi150,NHPC Ltd.,Power,NHPC,EQ,INE848E01016
niftyindiafpi150,NMDC Ltd.,Metals & Mining,NMDC,EQ,INE584A01023
niftyindiafpi150,NTPC Ltd.,Power,NTPC,EQ,INE733E01010
niftyindiafpi150,FSN E-Commerce Ventures Ltd.,Consumer Services,NYKAA,EQ,INE388Y01029
niftyindiafpi150,Oil India Ltd.,Oil Gas & Consumable Fuels,OIL,EQ,INE274J01014
niftyindiafpi150,Oil & Natural Gas Corporation Ltd.,Oil Gas & Consumable Fuels,ONGC,EQ,INE213A01029
niftyindiafpi150,One 97 Communications Ltd.,Financial Services,PAYTM,EQ,INE982J01020
niftyindiafpi150,Persistent Systems Ltd.,Information Technology,PERSISTENT,EQ,INE262H01021
niftyindiafpi150,Power Finance Corporation Ltd.,Financial Services,PFC,EQ,INE134E01011
niftyindiafpi150,Phoenix Mills Ltd.,Realty,PHOENIXLTD,EQ,INE211B01039
niftyindiafpi150,Pidilite Industries Ltd.,Chemicals,PIDILITIND,EQ,INE318A01026
niftyindiafpi150,PI Industries Ltd.,Chemicals,PIIND,EQ,INE603J01030
niftyindiafpi150,Punjab National Bank,Financial Services,PNB,EQ,INE160A01022
niftyindiafpi150,PB Fintech Ltd.,Financial Services,POLICYBZR,EQ,INE417T01026
niftyindiafpi150,Polycab India Ltd.,Capital Goods,POLYCAB,EQ,INE455K01017
niftyindiafpi150,Power Grid Corporation of India Ltd.,Power,POWERGRID,EQ,INE752E01010
niftyindiafpi150,Prestige Estates Projects Ltd.,Realty,PRESTIGE,EQ,INE811K01011
niftyindiafpi150,REC Ltd.,Financial Services,RECLTD,EQ,INE020B01018
niftyindiafpi150,Reliance Industries Ltd.,Oil Gas & Consumable Fuels,RELIANCE,EQ,INE002A01018
niftyindiafpi150,SBI Cards and Payment Services Ltd.,Financial Services,SBICARD,EQ,INE018E01016
niftyindiafpi150,SBI Life Insurance Company Ltd.,Financial Services,SBILIFE,EQ,INE123W01016
niftyindiafpi150,State Bank of India,Financial Services,SBIN,EQ,INE062A01020
niftyindiafpi150,Shree Cement Ltd.,Construction Materials,SHREECEM,EQ,INE070A01015
niftyindiafpi150,Shriram Finance Ltd.,Financial Services,SHRIRAMFIN,EQ,INE721A01047
niftyindiafpi150,Solar Industries India Ltd.,Chemicals,SOLARINDS,EQ,INE343H01029
niftyindiafpi150,Sona BLW Precision Forgings Ltd.,Automobile and Auto Components,SONACOMS,EQ,INE073K01018
niftyindiafpi150,SRF Ltd.,Chemicals,SRF,EQ,INE647A01010
niftyindiafpi150,Sun Pharmaceutical Industries Ltd.,Healthcare,SUNPHARMA,EQ,INE044A01036
niftyindiafpi150,Supreme Industries Ltd.,Capital Goods,SUPREMEIND,EQ,INE195A01028
niftyindiafpi150,Suzlon Energy Ltd.,Capital Goods,SUZLON,EQ,INE040H01021
niftyindiafpi150,Swiggy Ltd.,Consumer Services,SWIGGY,EQ,INE00H001014
niftyindiafpi150,Tata Consumer Products Ltd.,Fast Moving Consumer Goods,TATACONSUM,EQ,INE192A01025
niftyindiafpi150,Tata Power Co. Ltd.,Power,TATAPOWER,EQ,INE245A01021
niftyindiafpi150,Tata Steel Ltd.,Metals & Mining,TATASTEEL,EQ,INE081A01020
niftyindiafpi150,Tata Consultancy Services Ltd.,Information Technology,TCS,EQ,INE467B01029
niftyindiafpi150,Tech Mahindra Ltd.,Information Technology,TECHM,EQ,INE669C01036
niftyindiafpi150,Tube Investments of India Ltd.,Automobile and Auto Components,TIINDIA,EQ,INE974X01010
niftyindiafpi150,Titan Company Ltd.,Consumer Durables,TITAN,EQ,INE280A01028
niftyindiafpi150,Tata Motors Passenger Vehicles Ltd.,Automobile and Auto Components,TMPV,EQ,INE155A01022
niftyindiafpi150,Torrent Pharmaceuticals Ltd.,Healthcare,TORNTPHARM,EQ,INE685A01028
niftyindiafpi150,Trent Ltd.,Consumer Services,TRENT,EQ,INE849A01020
niftyindiafpi150,TVS Motor Company Ltd.,Automobile and Auto Components,TVSMOTOR,EQ,INE494B01023
niftyindiafpi150,UltraTech Cement Ltd.,Construction Materials,ULTRACEMCO,EQ,INE481G01011
niftyindiafpi150,United Spirits Ltd.,Fast Moving Consumer Goods,UNITDSPR,EQ,INE854D01024
niftyindiafpi150,UPL Ltd.,Chemicals,UPL,EQ,INE628A01036
niftyindiafpi150,Varun Beverages Ltd.,Fast Moving Consumer Goods,VBL,EQ,INE200M01039
niftyindiafpi150,Vedanta Ltd.,Metals & Mining,VEDL,EQ,INE205A01025
niftyindiafpi150,Vishal Mega Mart Ltd.,Consumer Services,VMM,EQ,INE01EA01019
niftyindiafpi150,Voltas Ltd.,Consumer Durables,VOLTAS,EQ,INE226A01021
niftyindiafpi150,Waaree Energies Ltd.,Capital Goods,WAAREEENER,EQ,INE377N01017
niftyindiafpi150,Wipro Ltd.,Information Technology,WIPRO,EQ,INE075A01022
niftyindiafpi150,Yes Bank Ltd.,Financial Services,YESBANK,EQ,INE528G01035
niftyindiafpi150,Zydus Lifesciences Ltd.,Healthcare,ZYDUSLIFE,EQ,INE010B01027
niftyindiainternetindex,Angel One Ltd.,Financial Services,ANGELONE,EQ,INE732I01021
niftyindiainternetindex,Cartrade Tech Ltd.,Consumer Services,CARTRADE,EQ,INE290S01011
niftyindiainternetindex,AvenuesAI Ltd.,Financial Services,CCAVENUE,EQ,INE483S01020
niftyindiainternetindex,Crizac Ltd.,Consumer Services,CRIZAC,EQ,INE0S4R01014
niftyindiainternetindex,Eternal Ltd.,Consumer Services,ETERNAL,EQ,INE758T01015
niftyindiainternetindex,Brainbees Solutions Ltd.,Consumer Services,FIRSTCRY,EQ,INE02RE01045
niftyindiainternetindex,Billionbrains Garage Ventures Ltd.,Financial Services,GROWW,EQ,INE0HOQ01053
niftyindiainternetindex,IIFL Capital Services Ltd.,Financial Services,IIFLCAPS,EQ,INE489L01022
niftyindiainternetindex,Indiamart Intermesh Ltd.,Consumer Services,INDIAMART,EQ,INE933S01016
niftyindiainternetindex,Indian Railway Catering And Tourism Corporation Ltd.,Consumer Services,IRCTC,EQ,INE335Y01020
niftyindiainternetindex,Le Travenues Technology Ltd.,Consumer Services,IXIGO,EQ,INE0HV901016
niftyindiainternetindex,Justdial Ltd.,Consumer Services,JUSTDIAL,EQ,INE599M01018
niftyindiainternetindex,Meesho Ltd.,Consumer Services,MEESHO,EQ,INE0VDM01015
niftyindiainternetindex,Motilal Oswal Financial Services Ltd.,Financial Services,MOTILALOFS,EQ,INE338I01027
niftyindiainternetindex,Info Edge (India) Ltd.,Consumer Services,NAUKRI,EQ,INE663F01032
niftyindiainternetindex,Nazara Technologies Ltd.,Media Entertainment & Publication,NAZARA,EQ,INE418L01047
niftyindiainternetindex,FSN E-Commerce Ventures Ltd.,Consumer Services,NYKAA,EQ,INE388Y01029
niftyindiainternetindex,One 97 Communications Ltd.,Financial Services,PAYTM,EQ,INE982J01020
niftyindiainternetindex,Pine Labs Ltd.,Financial Services,PINELABS,EQ,INE15B701018
niftyindiainternetindex,PB Fintech Ltd.,Financial Services,POLICYBZR,EQ,INE417T01026
niftyindiainternetindex,Physicswallah Ltd.,Consumer Services,PWL,EQ,INE0LP301011
niftyindiainternetindex,RattanIndia Enterprises Ltd.,Consumer Services,RTNINDIA,EQ,INE834M01019
niftyindiainternetindex,Seshaasai Technologies Ltd.,Financial Services,STYL,EQ,INE04VU01023
niftyindiainternetindex,Swiggy Ltd.,Consumer Services,SWIGGY,EQ,INE00H001014
niftyindiainternetindex,TBO Tek Ltd.,Consumer Services,TBOTEK,EQ,INE673O01025
niftyindiainternetindex,Thomas Cook (India) Ltd.,Consumer Services,THOMASCOOK,EQ,INE332A01027
niftyindiainternetindex,Urban Company Ltd.,Consumer Services,URBANCO,EQ,INE0CAZ01013
niftyindiamanufacturing,ABB India Ltd.,Capital Goods,ABB,EQ,INE117A01022
niftyindiamanufacturing,AIA Engineering Ltd.,Capital Goods,AIAENG,EQ,INE212H01026
niftyindiamanufacturing,Alkem Laboratories Ltd.,Healthcare,ALKEM,EQ,INE540L01014
niftyindiamanufacturing,Anthem Biosciences Ltd.,Healthcare,ANTHEM,EQ,INE0CZ201020
niftyindiamanufacturing,APL Apollo Tubes Ltd.,Capital Goods,APLAPOLLO,EQ,INE702C01027
niftyindiamanufacturing,Ashok Leyland Ltd.,Capital Goods,ASHOKLEY,EQ,INE208A01029
niftyindiamanufacturing,Astral Ltd.,Capital Goods,ASTRAL,EQ,INE006I01046
niftyindiamanufacturing,Aurobindo Pharma Ltd.,Healthcare,AUROPHARMA,EQ,INE406A01037
niftyindiamanufacturing,Bajaj Auto Ltd.,Automobile and Auto Components,BAJAJ-AUTO,EQ,INE917I01010
niftyindiamanufacturing,Balkrishna Industries Ltd.,Automobile and Auto Components,BALKRISIND,EQ,INE787D01026
niftyindiamanufacturing,Bharat Electronics Ltd.,Capital Goods,BEL,EQ,INE263A01024
niftyindiamanufacturing,Bharat Forge Ltd.,Automobile and Auto Components,BHARATFORG,EQ,INE465A01025
niftyindiamanufacturing,Bharat Heavy Electricals Ltd.,Capital Goods,BHEL,EQ,INE257A01026
niftyindiamanufacturing,Blue Star Ltd.,Consumer Durables,BLUESTARCO,EQ,INE472A01039
niftyindiamanufacturing,Bosch Ltd.,Automobile and Auto Components,BOSCHLTD,EQ,INE323A01026
niftyindiamanufacturing,Bharat Petroleum Corporation Ltd.,Oil Gas & Consumable Fuels,BPCL,EQ,INE029A01011
niftyindiamanufacturing,Castrol India Ltd.,Oil Gas & Consumable Fuels,CASTROLIND,EQ,INE172A01027
niftyindiamanufacturing,CG Power and Industrial Solutions Ltd.,Capital Goods,CGPOWER,EQ,INE067A01029
niftyindiamanufacturing,Cipla Ltd.,Healthcare,CIPLA,EQ,INE059A01026
niftyindiamanufacturing,Cochin Shipyard Ltd.,Capital Goods,COCHINSHIP,EQ,INE704P01025
niftyindiamanufacturing,Coromandel International Ltd.,Chemicals,COROMANDEL,EQ,INE169A01031
niftyindiamanufacturing,Crompton Greaves Consumer Electricals Ltd.,Consumer Durables,CROMPTON,EQ,INE299U01018
niftyindiamanufacturing,Cummins India Ltd.,Capital Goods,CUMMINSIND,EQ,INE298A01020
niftyindiamanufacturing,Divi's Laboratories Ltd.,Healthcare,DIVISLAB,EQ,INE361B01024
niftyindiamanufacturing,Dixon Technologies (India) Ltd.,Consumer Durables,DIXON,EQ,INE935N01020
niftyindiamanufacturing,Dr. Reddy's Laboratories Ltd.,Healthcare,DRREDDY,EQ,INE089A01031
niftyindiamanufacturing,Eicher Motors Ltd.,Automobile and Auto Components,EICHERMOT,EQ,INE066A01021
niftyindiamanufacturing,Siemens Energy India Ltd.,Capital Goods,ENRIN,EQ,INE1NPP01017
niftyindiamanufacturing,Escorts Kubota Ltd.,Capital Goods,ESCORTS,EQ,INE042A01014
niftyindiamanufacturing,GE Vernova T&D India Ltd.,Capital Goods,GVT&D,EQ,INE200A01026
niftyindiamanufacturing,Hindustan Aeronautics Ltd.,Capital Goods,HAL,EQ,INE066F01020
niftyindiamanufacturing,Havells India Ltd.,Consumer Durables,HAVELLS,EQ,INE176B01034
niftyindiamanufacturing,Hindalco Industries Ltd.,Metals & Mining,HINDALCO,EQ,INE038A01020
niftyindiamanufacturing,Hindustan Copper Ltd.,Metals & Mining,HINDCOPPER,EQ,INE531E01026
niftyindiamanufacturing,Hindustan Zinc Ltd.,Metals & Mining,HINDZINC,EQ,INE267A01025
niftyindiamanufacturing,Honeywell Automation India Ltd.,Capital Goods,HONAUT,EQ,INE671A01010
niftyindiamanufacturing,Himadri Speciality Chemical Ltd.,Chemicals,HSCL,EQ,INE019C01026
niftyindiamanufacturing,Hyundai Motor India Ltd.,Automobile and Auto Components,HYUNDAI,EQ,INE0V6F01027
niftyindiamanufacturing,Indian Oil Corporation Ltd.,Oil Gas & Consumable Fuels,IOC,EQ,INE242A01010
niftyindiamanufacturing,Jindal Steel Ltd.,Metals & Mining,JINDALSTEL,EQ,INE749A01030
niftyindiamanufacturing,JSW Steel Ltd.,Metals & Mining,JSWSTEEL,EQ,INE019A01038
niftyindiamanufacturing,Kaynes Technology India Ltd.,Capital Goods,KAYNES,EQ,INE918Z01012
niftyindiamanufacturing,KEI Industries Ltd.,Capital Goods,KEI,EQ,INE878B01027
niftyindiamanufacturing,K.P.R. Mill Ltd.,Textiles,KPRMILL,EQ,INE930H01031
niftyindiamanufacturing,Laurus Labs Ltd.,Healthcare,LAURUSLABS,EQ,INE947Q01028
niftyindiamanufacturing,Linde India Ltd.,Chemicals,LINDEINDIA,EQ,INE473A01011
niftyindiamanufacturing,Lupin Ltd.,Healthcare,LUPIN,EQ,INE326A01037
niftyindiamanufacturing,Mahindra & Mahindra Ltd.,Automobile and Auto Components,M&M,EQ,INE101A01026
niftyindiamanufacturing,Maruti Suzuki India Ltd.,Automobile and Auto Components,MARUTI,EQ,INE585B01010
niftyindiamanufacturing,Mazagoan Dock Shipbuilders Ltd.,Capital Goods,MAZDOCK,EQ,INE249Z01020
niftyindiamanufacturing,Samvardhana Motherson International Ltd.,Automobile and Auto Components,MOTHERSON,EQ,INE775A01035
niftyindiamanufacturing,MRF Ltd.,Automobile and Auto Components,MRF,EQ,INE883A01011
niftyindiamanufacturing,Navin Fluorine International Ltd.,Chemicals,NAVINFLUOR,EQ,INE048G01026
niftyindiamanufacturing,Page Industries Ltd.,Textiles,PAGEIND,EQ,INE761H01022
niftyindiamanufacturing,Pidilite Industries Ltd.,Chemicals,PIDILITIND,EQ,INE318A01026
niftyindiamanufacturing,PI Industries Ltd.,Chemicals,PIIND,EQ,INE603J01030
niftyindiamanufacturing,Polycab India Ltd.,Capital Goods,POLYCAB,EQ,INE455K01017
niftyindiamanufacturing,Reliance Industries Ltd.,Oil Gas & Consumable Fuels,RELIANCE,EQ,INE002A01018
niftyindiamanufacturing,Siemens Ltd.,Capital Goods,SIEMENS,EQ,INE003A01024
niftyindiamanufacturing,Solar Industries India Ltd.,Chemicals,SOLARINDS,EQ,INE343H01029
niftyindiamanufacturing,Sona BLW Precision Forgings Ltd.,Automobile and Auto Components,SONACOMS,EQ,INE073K01018
niftyindiamanufacturing,SRF Ltd.,Chemicals,SRF,EQ,INE647A01010
niftyindiamanufacturing,Sun Pharmaceutical Industries Ltd.,Healthcare,SUNPHARMA,EQ,INE044A01036
niftyindiamanufacturing,Supreme Industries Ltd.,Capital Goods,SUPREMEIND,EQ,INE195A01028
niftyindiamanufacturing,Suzlon Energy Ltd.,Capital Goods,SUZLON,EQ,INE040H01021
niftyindiamanufacturing,Tata Steel Ltd.,Metals & Mining,TATASTEEL,EQ,INE081A01020
niftyindiamanufacturing,Tube Investments of India Ltd.,Automobile and Auto Components,TIINDIA,EQ,INE974X01010
niftyindiamanufacturing,Tata Motors Ltd.,Capital Goods,TMCV,EQ,INE1TAE01010
niftyindiamanufacturing,Tata Motors Passenger Vehicles Ltd.,Automobile and Auto Components,TMPV,EQ,INE155A01022
niftyindiamanufacturing,Torrent Pharmaceuticals Ltd.,Healthcare,TORNTPHARM,EQ,INE685A01028
niftyindiamanufacturing,TVS Motor Company Ltd.,Automobile and Auto Components,TVSMOTOR,EQ,INE494B01023
niftyindiamanufacturing,UNO Minda Ltd.,Automobile and Auto Components,UNOMINDA,EQ,INE405E01023
niftyindiamanufacturing,UPL Ltd.,Chemicals,UPL,EQ,INE628A01036
niftyindiamanufacturing,Vedanta Ltd.,Metals & Mining,VEDL,EQ,INE205A01025
niftyindiamanufacturing,Voltas Ltd.,Consumer Durables,VOLTAS,EQ,INE226A01021
niftyindiamanufacturing,Zydus Lifesciences Ltd.,Healthcare,ZYDUSLIFE,EQ,INE010B01027
niftyindiatourism,BLS International Services Ltd.,Consumer Services,BLS,EQ,INE153T01027
niftyindiatourism,Chalet Hotels Ltd.,Consumer Services,CHALET,EQ,INE427F01016
niftyindiatourism,Devyani International Ltd.,Consumer Services,DEVYANI,EQ,INE872J01023
niftyindiatourism,EIH Ltd.,Consumer Services,EIHOTEL,EQ,INE230A01023
niftyindiatourism,GMR Airports Ltd.,Services,GMRAIRPORT,EQ,INE776C01039
niftyindiatourism,Indian Hotels Co. Ltd.,Consumer Services,INDHOTEL,EQ,INE053A01029
niftyindiatourism,InterGlobe Aviation Ltd.,Services,INDIGO,EQ,INE646L01027
niftyindiatourism,Indian Railway Catering And Tourism Corporation Ltd.,Consumer Services,IRCTC,EQ,INE335Y01020
niftyindiatourism,ITC Hotels Ltd.,Consumer Services,ITCHOTELS,EQ,INE379A01028
niftyindiatourism,Jubilant Foodworks Ltd.,Consumer Services,JUBLFOOD,EQ,INE797F01020
niftyindiatourism,Lemon Tree Hotels Ltd.,Consumer Services,LEMONTREE,EQ,INE970X01018
niftyindiatourism,Sapphire Foods India Ltd.,Consumer Services,SAPPHIRE,EQ,INE806T01020
niftyindiatourism,TBO Tek Ltd.,Consumer Services,TBOTEK,EQ,INE673O01025
niftyindiatourism,Leela Palaces Hotels & Resorts Ltd.,Consumer Services,THELEELA,EQ,INE0AQ201015
niftyindiatourism,Travel Food Services Ltd.,Consumer Services,TRAVELFOOD,EQ,INE103V01028
niftyinfrastructure,Adani Green Energy Ltd.,Power,ADANIGREEN,EQ,INE364U01010
niftyinfrastructure,Adani Ports and Special Economic Zone Ltd.,Services,ADANIPORTS,EQ,INE742F01042
niftyinfrastructure,Ambuja Cements Ltd.,Construction Materials,AMBUJACEM,EQ,INE079A01024
niftyinfrastructure,Apollo Hospitals Enterprise Ltd.,Healthcare,APOLLOHOSP,EQ,INE437A01024
niftyinfrastructure,Ashok Leyland Ltd.,Capital Goods,ASHOKLEY,EQ,INE208A01029
niftyinfrastructure,Bharat Forge Ltd.,Automobile and Auto Components,BHARATFORG,EQ,INE465A01025
niftyinfrastructure,Bharti Airtel Ltd.,Telecommunication,BHARTIARTL,EQ,INE397D01024
niftyinfrastructure,Bharat Petroleum Corporation Ltd.,Oil Gas & Consumable Fuels,BPCL,EQ,INE029A01011
niftyinfrastructure,CG Power and Industrial Solutions Ltd.,Capital Goods,CGPOWER,EQ,INE067A01029
niftyinfrastructure,Cummins India Ltd.,Capital Goods,CUMMINSIND,EQ,INE298A01020
niftyinfrastructure,DLF Ltd.,Realty,DLF,EQ,INE271C01023
niftyinfrastructure,Fortis Healthcare Ltd.,Healthcare,FORTIS,EQ,INE061F01013
niftyinfrastructure,GAIL (India) Ltd.,Oil Gas & Consumable Fuels,GAIL,EQ,INE129A01019
niftyinfrastructure,Grasim Industries Ltd.,Construction Materials,GRASIM,EQ,INE047A01021
niftyinfrastructure,Hindustan Petroleum Corporation Ltd.,Oil Gas & Consumable Fuels,HINDPETRO,EQ,INE094A01015
niftyinfrastructure,Indian Hotels Co. Ltd.,Consumer Services,INDHOTEL,EQ,INE053A01029
niftyinfrastructure,InterGlobe Aviation Ltd.,Services,INDIGO,EQ,INE646L01027
niftyinfrastructure,Indus Towers Ltd.,Telecommunication,INDUSTOWER,EQ,INE121J01017
niftyinfrastructure,Indian Oil Corporation Ltd.,Oil Gas & Consumable Fuels,IOC,EQ,INE242A01010
niftyinfrastructure,Larsen & Toubro Ltd.,Construction,LT,EQ,INE018A01030
niftyinfrastructure,Max Healthcare Institute Ltd.,Healthcare,MAXHEALTH,EQ,INE027H01010
niftyinfrastructure,Samvardhana Motherson International Ltd.,Automobile and Auto Components,MOTHERSON,EQ,INE775A01035
niftyinfrastructure,NTPC Ltd.,Power,NTPC,EQ,INE733E01010
niftyinfrastructure,Oil & Natural Gas Corporation Ltd.,Oil Gas & Consumable Fuels,ONGC,EQ,INE213A01029
niftyinfrastructure,Power Grid Corporation of India Ltd.,Power,POWERGRID,EQ,INE752E01010
niftyinfrastructure,Reliance Industries Ltd.,Oil Gas & Consumable Fuels,RELIANCE,EQ,INE002A01018
niftyinfrastructure,Shree Cement Ltd.,Construction Materials,SHREECEM,EQ,INE070A01015
niftyinfrastructure,Suzlon Energy Ltd.,Capital Goods,SUZLON,EQ,INE040H01021
niftyinfrastructure,Tata Power Co. Ltd.,Power,TATAPOWER,EQ,INE245A01021
niftyinfrastructure,UltraTech Cement Ltd.,Construction Materials,ULTRACEMCO,EQ,INE481G01011
niftyinsurance,Canara HSBC Life Insurance Company Ltd.,Financial Services,CANHLIFE,EQ,INE01TY01017
niftyinsurance,General Insurance Corporation of India,Financial Services,GICRE,EQ,INE481Y01014
niftyinsurance,Go Digit General Insurance Ltd.,Financial Services,GODIGIT,EQ,INE03JT01014
niftyinsurance,HDFC Life Insurance Company Ltd.,Financial Services,HDFCLIFE,EQ,INE795G01014
niftyinsurance,ICICI Lombard General Insurance Company Ltd.,Financial Services,ICICIGI,EQ,INE765G01017
niftyinsurance,ICICI Prudential Life Insurance Company Ltd.,Financial Services,ICICIPRULI,EQ,INE726G01019
niftyinsurance,Life Insurance Corporation of India,Financial Services,LICI,EQ,INE0J1Y01017
niftyinsurance,Max Financial Services Ltd.,Financial Services,MFSL,EQ,INE180A01020
niftyinsurance,The New India Assurance Company Ltd.,Financial Services,NIACL,EQ,INE470Y01017
niftyinsurance,Niva Bupa Health Insurance Company Ltd.,Financial Services,NIVABUPA,EQ,INE995S01015
niftyinsurance,SBI Life Insurance Company Ltd.,Financial Services,SBILIFE,EQ,INE123W01016
niftyinsurance,Star Health and Allied Insurance Company Ltd.,Financial Services,STARHEALTH,EQ,INE575P01011
niftyit,Coforge Ltd.,Information Technology,COFORGE,EQ,INE591G01025
niftyit,HCL Technologies Ltd.,Information Technology,HCLTECH,EQ,INE860A01027
niftyit,Infosys Ltd.,Information Technology,INFY,EQ,INE009A01021
niftyit,LTM Ltd.,Information Technology,LTM,EQ,INE214T01019
niftyit,MphasiS Ltd.,Information Technology,MPHASIS,EQ,INE356A01018
niftyit,Oracle Financial Services Software Ltd.,Information Technology,OFSS,EQ,INE881D01027
niftyit,Persistent Systems Ltd.,Information Technology,PERSISTENT,EQ,INE262H01021
niftyit,Tata Consultancy Services Ltd.,Information Technology,TCS,EQ,INE467B01029
niftyit,Tech Mahindra Ltd.,Information Technology,TECHM,EQ,INE669C01036
niftyit,Wipro Ltd.,Information Technology,WIPRO,EQ,INE075A01022
niftymedia,D.B.Corp Ltd.,Media Entertainment & Publication,DBCORP,EQ,INE950I01011
niftymedia,Hathway Cable & Datacom Ltd.,Media Entertainment & Publication,HATHWAY,EQ,INE982F01036
niftymedia,Nazara Technologies Ltd.,Media Entertainment & Publication,NAZARA,EQ,INE418L01047
niftymedia,Network18 Media & Investments Ltd.,Media Entertainment & Publication,NETWORK18,EQ,INE870H01013
niftymedia,Prime Focus Ltd.,Media Entertainment & Publication,PFOCUS,EQ,INE367G01038
niftymedia,PVR INOX Ltd.,Media Entertainment & Publication,PVRINOX,EQ,INE191H01014
niftymedia,Saregama India Ltd,Media Entertainment & Publication,SAREGAMA,EQ,INE979A01025
niftymedia,Sun TV Network Ltd.,Media Entertainment & Publication,SUNTV,EQ,INE424H01027
niftymedia,Tips Music Ltd.,Media Entertainment & Publication,TIPSMUSIC,EQ,INE716B01029
niftymedia,Zee Entertainment Enterprises Ltd.,Media Entertainment & Publication,ZEEL,EQ,INE256A01028
niftymetal,Adani Enterprises Ltd.,Metals & Mining,ADANIENT,EQ,INE423A01024
niftymetal,APL Apollo Tubes Ltd.,Capital Goods,APLAPOLLO,EQ,INE702C01027
niftymetal,Hindalco Industries Ltd.,Metals & Mining,HINDALCO,EQ,INE038A01020
niftymetal,Hindustan Copper Ltd.,Metals & Mining,HINDCOPPER,EQ,INE531E01026
niftymetal,Hindustan Zinc Ltd.,Metals & Mining,HINDZINC,EQ,INE267A01025
niftymetal,Jindal Steel Ltd.,Metals & Mining,JINDALSTEL,EQ,INE749A01030
niftymetal,Jindal Stainless Ltd.,Metals & Mining,JSL,EQ,INE220G01021
niftymetal,JSW Steel Ltd.,Metals & Mining,JSWSTEEL,EQ,INE019A01038
niftymetal,Lloyds Metals And Energy Ltd.,Metals & Mining,LLOYDSME,EQ,INE281B01032
niftymetal,National Aluminium Co. Ltd.,Metals & Mining,NATIONALUM,EQ,INE139A01034
niftymetal,NMDC Ltd.,Metals & Mining,NMDC,EQ,INE584A01023
niftymetal,Steel Authority of India Ltd.,Metals & Mining,SAIL,EQ,INE114A01011
niftymetal,Tata Steel Ltd.,Metals & Mining,TATASTEEL,EQ,INE081A01020
niftymetal,Vedanta Ltd.,Metals & Mining,VEDL,EQ,INE205A01025
niftymetal,Welspun Corp Ltd.,Capital Goods,WELCORP,EQ,INE191B01025
niftymicrocap250,Aarti Drugs Ltd.,Healthcare,AARTIDRUGS,EQ,INE767A01016
niftymicrocap250,Aarti Pharmalabs Ltd.,Healthcare,AARTIPHARM,EQ,INE0LRU01027
niftymicrocap250,Archean Chemical Industries Ltd.,Chemicals,ACI,EQ,INE128X01021
niftymicrocap250,Advanced Enzyme Tech Ltd.,Healthcare,ADVENZYMES,EQ,INE837H01020
niftymicrocap250,Aequs Ltd.,Capital Goods,AEQUS,EQ,INE947N01017
niftymicrocap250,Aether Industries Ltd.,Chemicals,AETHER,EQ,INE0BWX01014
niftymicrocap250,Dr. Agarwal's Health Care Ltd.,Healthcare,AGARWALEYE,EQ,INE943P01029
niftymicrocap250,Ahluwalia Contracts (India) Ltd.,Construction,AHLUCONT,EQ,INE758C01029
niftymicrocap250,Akums Drugs and Pharmaceuticals Ltd.,Healthcare,AKUMS,EQ,INE09XN01023
niftymicrocap250,Alivus Life Sciences Ltd.,Healthcare,ALIVUS,EQ,INE03Q201024
niftymicrocap250,Alkyl Amines Chemicals Ltd.,Chemicals,ALKYLAMINE,EQ,INE150B01039
niftymicrocap250,Alok Industries Ltd.,Textiles,ALOKINDS,EQ,INE270A01029
niftymicrocap250,The Anup Engineering Ltd.,Capital Goods,ANUP,EQ,INE294Z01018
niftymicrocap250,Alembic Pharmaceuticals Ltd.,Healthcare,APLLTD,EQ,INE901L01018
niftymicrocap250,Apollo Micro Systems Ltd.,Capital Goods,APOLLO,EQ,INE713T01028
niftymicrocap250,Arvind Ltd.,Textiles,ARVIND,EQ,INE034A01011
niftymicrocap250,Arvind Fashions Ltd.,Consumer Services,ARVINDFASN,EQ,INE955V01021
niftymicrocap250,Ashapura Minechem Ltd.,Metals & Mining,ASHAPURMIN,EQ,INE348A01023
niftymicrocap250,Ashoka Buildcon Ltd.,Construction,ASHOKA,EQ,INE442H01029
niftymicrocap250,ASK Automotive Ltd.,Automobile and Auto Components,ASKAUTOLTD,EQ,INE491J01022
niftymicrocap250,Astra Microwave Products Ltd.,Capital Goods,ASTRAMICRO,EQ,INE386C01029
niftymicrocap250,Atlanta Electricals Ltd.,Capital Goods,ATLANTAELE,EQ,INE0Z4F01028
niftymicrocap250,Aurionpro Solution Ltd.,Information Technology,AURIONPRO,EQ,INE132H01018
niftymicrocap250,Avalon Technologies Ltd.,Capital Goods,AVALON,EQ,INE0LCL01028
niftymicrocap250,Avanti Feeds Ltd.,Fast Moving Consumer Goods,AVANTIFEED,EQ,INE871C01038
niftymicrocap250,Aditya Vision Ltd.,Consumer Services,AVL,EQ,INE679V01027
niftymicrocap250,Awfis Space Solutions Ltd.,Services,AWFIS,EQ,INE108V01019
niftymicrocap250,AXISCADES Technologies Ltd.,Capital Goods,AXISCADES,EQ,INE555B01013
niftymicrocap250,Azad Engineering Ltd.,Capital Goods,AZAD,EQ,INE02IJ01035
niftymicrocap250,Bajaj Electricals Ltd,Consumer Durables,BAJAJELEC,EQ,INE193E01025
niftymicrocap250,Balaji Amines Ltd.,Chemicals,BALAMINES,EQ,INE050E01027
niftymicrocap250,Balu Forge Industries Ltd.,Capital Goods,BALUFORGE,EQ,INE011E01029
niftymicrocap250,Banco Products (India) Ltd.,Automobile and Auto Components,BANCOINDIA,EQ,INE213C01025
niftymicrocap250,Black Box Ltd.,Information Technology,BBOX,EQ,INE676A01027
niftymicrocap250,Mrs. Bectors Food Specialities Ltd.,Fast Moving Consumer Goods,BECTORFOOD,EQ,INE495P01020
niftymicrocap250,Birla Corporation Ltd.,Construction Materials,BIRLACORPN,EQ,INE340A01012
niftymicrocap250,Blackbuck Ltd.,Services,BLACKBUCK,EQ,INE0UIZ01018
niftymicrocap250,BlueStone Jewellery and Lifestyle Ltd.,Consumer Durables,BLUESTONE,EQ,INE304W01038
niftymicrocap250,Borosil Renewables Ltd.,Capital Goods,BORORENEW,EQ,INE666D01022
niftymicrocap250,Campus Activewear Ltd.,Consumer Durables,CAMPUS,EQ,INE278Y01022
niftymicrocap250,Capillary Technologies India Ltd.,Information Technology,CAPILLARY,EQ,INE0ILV01024
niftymicrocap250,AvenuesAI Ltd.,Financial Services,CCAVENUE,EQ,INE483S01020
niftymicrocap250,Cello World Ltd.,Consumer Durables,CELLO,EQ,INE0LMW01024
niftymicrocap250,Century Plyboards (India) Ltd.,Consumer Durables,CENTURYPLY,EQ,INE348B01021
niftymicrocap250,Cera Sanitaryware Ltd,Consumer Durables,CERA,EQ,INE739E01017
niftymicrocap250,CMS Info Systems Ltd.,Services,CMSINFO,EQ,INE925R01014
niftymicrocap250,CORONA Remedies Ltd.,Healthcare,CORONA,EQ,INE02ZQ01018
niftymicrocap250,Canara Robeco Asset Management Company Ltd.,Financial Services,CRAMC,EQ,INE218I01013
niftymicrocap250,Crizac Ltd.,Consumer Services,CRIZAC,EQ,INE0S4R01014
niftymicrocap250,CSB Bank Ltd.,Financial Services,CSBBANK,EQ,INE679A01013
niftymicrocap250,Cupid Ltd.,Fast Moving Consumer Goods,CUPID,EQ,INE509F01029
niftymicrocap250,Datamatics Global Services Ltd.,Information Technology,DATAMATICS,EQ,INE365B01017
niftymicrocap250,Dilip Buildcon Ltd.,Construction,DBL,EQ,INE917M01012
niftymicrocap250,VALOR ESTATE Ltd.,Realty,DBREALTY,EQ,INE879I01012
niftymicrocap250,DCB Bank Ltd.,Financial Services,DCBBANK,EQ,INE503A01015
niftymicrocap250,Diamond Power Infrastructure Ltd.,Capital Goods,DIACABS,BE,INE989C01038
niftymicrocap250,Dummy Inox Green Ltd.,Construction,DUMMYINXGN,EQ,DUM510W01014
niftymicrocap250,Dummy Triveni Ltd.,Capital Goods,DUMMYTRVN,EQ,DUM256C01024
niftymicrocap250,Dynamatic Technologies Ltd.,Capital Goods,DYNAMATECH,EQ,INE221B01012
niftymicrocap250,Edelweiss Financial Services Ltd.,Financial Services,EDELWEISS,EQ,INE532F01054
niftymicrocap250,Enviro Infra Engineers Ltd.,Utilities,EIEL,EQ,INE0LLY01014
niftymicrocap250,Electrosteel Castings Ltd.,Capital Goods,ELECTCAST,EQ,INE086A01029
niftymicrocap250,Ellenbarrie Industrial Gases Ltd.,Chemicals,ELLEN,EQ,INE236E01022
niftymicrocap250,Embassy Developments Ltd.,Realty,EMBDL,EQ,INE069I01010
niftymicrocap250,Electronics Mart India Ltd.,Consumer Services,EMIL,EQ,INE02YR01019
niftymicrocap250,Entero Healthcare Solutions Ltd.,Consumer Services,ENTERO,EQ,INE010601016
niftymicrocap250,EPL Ltd.,Capital Goods,EPL,EQ,INE255A01020
niftymicrocap250,Equitas Small Finance Bank Ltd.,Financial Services,EQUITASBNK,EQ,INE063P01018
niftymicrocap250,Ethos Ltd.,Consumer Durables,ETHOSLTD,EQ,INE04TZ01018
niftymicrocap250,Eureka Forbes Ltd.,Consumer Durables,EUREKAFORB,EQ,INE0KCE01017
niftymicrocap250,Fedbank Financial Services Ltd.,Financial Services,FEDFINA,EQ,INE007N01010
niftymicrocap250,Fiem Industries Ltd,Automobile and Auto Components,FIEMIND,EQ,INE737H01014
niftymicrocap250,Finolex Industries Ltd.,Capital Goods,FINPIPE,EQ,INE183A01024
niftymicrocap250,Gujarat Ambuja Exports Ltd.,Fast Moving Consumer Goods,GAEL,EQ,INE036B01030
niftymicrocap250,GHCL Ltd.,Chemicals,GHCL,EQ,INE539A01019
niftymicrocap250,GMM Pfaudler Ltd.,Capital Goods,GMMPFAUDLR,EQ,INE541A01023
niftymicrocap250,GMR Power and Urban Infra Ltd.,Power,GMRP&UI,EQ,INE0CU601026
niftymicrocap250,Gujarat Narmada Valley Fertilizers and Chemicals Ltd.,Chemicals,GNFC,EQ,INE113A01013
niftymicrocap250,Godrej Agrovet Ltd.,Fast Moving Consumer Goods,GODREJAGRO,EQ,INE850D01014
niftymicrocap250,Gokaldas Exports Ltd.,Textiles,GOKEX,EQ,INE887G01027
niftymicrocap250,Gokul Agro Resources Ltd.,Fast Moving Consumer Goods,GOKULAGRO,EQ,INE314T01033
niftymicrocap250,Gujarat Pipavav Port Ltd.,Services,GPPL,EQ,INE517F01014
niftymicrocap250,Greaves Cotton Ltd.,Capital Goods,GREAVESCOT,EQ,INE224A01026
niftymicrocap250,Grindwell Norton Ltd.,Capital Goods,GRINDWELL,EQ,INE536A01023
niftymicrocap250,Garware Hi-Tech Films Ltd.,Capital Goods,GRWRHITECH,EQ,INE291A01017
niftymicrocap250,Gujarat State Fertilizers & Chemicals Ltd.,Chemicals,GSFC,EQ,INE026A01025
niftymicrocap250,Happiest Minds Technologies Ltd.,Information Technology,HAPPSTMNDS,EQ,INE419U01012
niftymicrocap250,Hindustan Construction Co. Ltd.,Construction,HCC,EQ,INE549A01026
niftymicrocap250,Healthcare Global Enterprises Ltd.,Healthcare,HCG,EQ,INE075I01017
niftymicrocap250,Hemisphere Properties India Ltd.,Services,HEMIPROP,EQ,INE0AJG01018
niftymicrocap250,Heritage Foods Ltd.,Fast Moving Consumer Goods,HERITGFOOD,EQ,INE978A01027
niftymicrocap250,H.G. Infra Engineering Ltd.,Construction,HGINFRA,EQ,INE926X01010
niftymicrocap250,Indo Count Industries Ltd.,Textiles,ICIL,EQ,INE483B01026
niftymicrocap250,IFB Industries Ltd.,Consumer Durables,IFBIND,EQ,INE559A01017
niftymicrocap250,IIFL Capital Services Ltd.,Financial Services,IIFLCAPS,EQ,INE489L01022
niftymicrocap250,Indian Metals & Ferro Alloys Ltd.,Metals & Mining,IMFA,EQ,INE919H01018
niftymicrocap250,India Glycols Ltd.,Fast Moving Consumer Goods,INDIAGLYCO,EQ,INE560A01023
niftymicrocap250,India Shelter Finance Corporation Ltd.,Financial Services,INDIASHLTR,EQ,INE922K01024
niftymicrocap250,Indigo Paints Ltd.,Consumer Durables,INDIGOPNTS,EQ,INE09VQ01012
niftymicrocap250,Inox Green Energy Services Ltd.,Services,INOXGREEN,EQ,INE510W01014
niftymicrocap250,INOX India Ltd.,Capital Goods,INOXINDIA,EQ,INE616N01034
niftymicrocap250,Ion Exchange (India) Ltd.,Utilities,IONEXCHANG,EQ,INE570A01022
niftymicrocap250,Le Travenues Technology Ltd.,Consumer Services,IXIGO,EQ,INE0HV901016
niftymicrocap250,JAI BALAJI INDUSTRIES Ltd.,Metals & Mining,JAIBALAJI,EQ,INE091G01026
niftymicrocap250,Jamna Auto Industries Ltd.,Automobile and Auto Components,JAMNAAUTO,EQ,INE039C01032
niftymicrocap250,Jayaswal Neco Industries Ltd.,Capital Goods,JAYNECOIND,EQ,INE854B01010
niftymicrocap250,JK Lakshmi Cement Ltd.,Construction Materials,JKLAKSHMI,EQ,INE786A01032
niftymicrocap250,JK Paper Ltd.,Forest Materials,JKPAPER,EQ,INE789E01012
niftymicrocap250,Jupiter Life Line Hospitals Ltd.,Healthcare,JLHL,EQ,INE682M01020
niftymicrocap250,Jana Small Finance Bank Ltd.,Financial Services,JSFB,EQ,INE953L01027
niftymicrocap250,Jeena Sikho Lifecare Ltd.,Consumer Services,JSLL,EQ,INE0J5801029
niftymicrocap250,Justdial Ltd.,Consumer Services,JUSTDIAL,EQ,INE599M01018
niftymicrocap250,Jyothy Labs Ltd.,Fast Moving Consumer Goods,JYOTHYLAB,EQ,INE668F01031
niftymicrocap250,Kansai Nerolac Paints Ltd.,Consumer Durables,KANSAINER,EQ,INE531A01024
niftymicrocap250,Kirloskar Brothers Ltd.,Capital Goods,KIRLOSBROS,EQ,INE732A01036
niftymicrocap250,Kirloskar Pneumatic Company Ltd.,Capital Goods,KIRLPNU,EQ,INE811A01038
niftymicrocap250,Kitex Garments Ltd.,Textiles,KITEX,EQ,INE602G01020
niftymicrocap250,KNR Constructions Ltd.,Construction,KNRCON,EQ,INE634I01029
niftymicrocap250,KPI Green Energy Ltd.,Power,KPIGREEN,EQ,INE542W01025
niftymicrocap250,KRBL Ltd.,Fast Moving Consumer Goods,KRBL,EQ,INE001B01026
niftymicrocap250,KRN HEAT EXCHANGER AND REFRIGERATION Ltd.,Capital Goods,KRN,EQ,INE0Q3J01015
niftymicrocap250,KSB Ltd.,Capital Goods,KSB,EQ,INE999A01023
niftymicrocap250,Kaveri Seed Company Ltd.,Fast Moving Consumer Goods,KSCL,EQ,INE455I01029
niftymicrocap250,Karnataka Bank Ltd.,Financial Services,KTKBANK,EQ,INE614B01018
niftymicrocap250,Lloyds Engineering Works Ltd.,Capital Goods,LLOYDSENGG,EQ,INE093R01011
niftymicrocap250,Lloyds Enterprises Ltd.,Metals & Mining,LLOYDSENT,EQ,INE080I01025
niftymicrocap250,SRI LOTUS DEVELOPERS AND REALTY Ltd.,Realty,LOTUSDEV,BE,INE0V9Q01010
niftymicrocap250,Lumax Auto Technologies Ltd.,Automobile and Auto Components,LUMAXTECH,EQ,INE872H01027
niftymicrocap250,Laxmi Organic Industries Ltd.,Chemicals,LXCHEM,EQ,INE576O01020
niftymicrocap250,Maharashtra Scooters Ltd.,Financial Services,MAHSCOOTER,EQ,INE288A01013
niftymicrocap250,Maharashtra Seamless Ltd.,Capital Goods,MAHSEAMLES,EQ,INE271B01025
niftymicrocap250,Manorama Industries Ltd.,Fast Moving Consumer Goods,MANORAMA,EQ,INE00VM01036
niftymicrocap250,Vedant Fashions Ltd.,Consumer Services,MANYAVAR,EQ,INE825V01034
niftymicrocap250,Marksans Pharma Ltd.,Healthcare,MARKSANS,EQ,INE750C01026
niftymicrocap250,Mastek Ltd.,Information Technology,MASTEK,EQ,INE759A01021
niftymicrocap250,Medplus Health Services Ltd.,Consumer Services,MEDPLUS,EQ,INE804L01022
niftymicrocap250,Metropolis Healthcare Ltd.,Healthcare,METROPOLIS,EQ,INE112L01020
niftymicrocap250,Mishra Dhatu Nigam Ltd.,Capital Goods,MIDHANI,EQ,INE099Z01011
niftymicrocap250,MOIL Ltd.,Metals & Mining,MOIL,EQ,INE490G01020
niftymicrocap250,MSTC Ltd.,Services,MSTCLTD,EQ,INE255X01014
niftymicrocap250,MTAR Technologies Ltd.,Capital Goods,MTARTECH,BE,INE864I01014
niftymicrocap250,Nazara Technologies Ltd.,Media Entertainment & Publication,NAZARA,EQ,INE418L01047
niftymicrocap250,NEOGEN CHEMICALS LTD.,Chemicals,NEOGEN,EQ,INE136S01016
niftymicrocap250,NESCO Ltd.,Services,NESCO,EQ,INE317F01035
niftymicrocap250,Network18 Media & Investments Ltd.,Media Entertainment & Publication,NETWORK18,EQ,INE870H01013
niftymicrocap250,National Fertilizers Ltd.,Chemicals,NFL,EQ,INE870D01012
niftymicrocap250,Optiemus Infracom Ltd.,Telecommunication,OPTIEMUS,EQ,INE350C01017
niftymicrocap250,Orient Cement Ltd.,Construction Materials,ORIENTCEM,EQ,INE876N01018
niftymicrocap250,Orkla India Ltd.,Fast Moving Consumer Goods,ORKLAINDIA,EQ,INE16NZ01023
niftymicrocap250,Oswal Pumps Ltd.,Capital Goods,OSWALPUMPS,EQ,INE0BYP01024
niftymicrocap250,Paras Defence and Space Technologies Ltd.,Capital Goods,PARAS,EQ,INE045601023
niftymicrocap250,Park Medi World Ltd.,Healthcare,PARKHOSPS,EQ,INE119201023
niftymicrocap250,PC Jeweller Ltd.,Consumer Durables,PCJEWELLER,EQ,INE785M01021
niftymicrocap250,Pearl Global Industries Ltd.,Textiles,PGIL,EQ,INE940H01022
niftymicrocap250,Piccadily Agro Industries Ltd.,Fast Moving Consumer Goods,PICCADIL,EQ,INE546C01010
niftymicrocap250,PNC Infratech Ltd.,Construction,PNCINFRA,EQ,INE195J01029
niftymicrocap250,P N Gadgil Jewellers Ltd.,Consumer Durables,PNGJL,EQ,INE953R01016
niftymicrocap250,Power Mech Projects Ltd.,Construction,POWERMECH,EQ,INE211R01019
niftymicrocap250,Praj Industries Ltd.,Capital Goods,PRAJIND,EQ,INE074A01025
niftymicrocap250,Pricol Ltd.,Automobile and Auto Components,PRICOLLTD,EQ,INE726V01018
niftymicrocap250,Privi Speciality Chemicals Ltd.,Chemicals,PRIVISCL,EQ,INE959A01019
niftymicrocap250,Prism Johnson Ltd.,Construction Materials,PRSMJOHNSN,EQ,INE010A01011
niftymicrocap250,Prudent Corporate Advisory Services Ltd.,Financial Services,PRUDENT,EQ,INE00F201020
niftymicrocap250,PTC India Ltd.,Power,PTC,EQ,INE877F01012
niftymicrocap250,Puravankara Ltd.,Realty,PURVA,EQ,INE323I01011
niftymicrocap250,QUALITY POWER ELECTRICAL EQUIPMENTS Ltd.,Capital Goods,QPOWER,EQ,INE0SII01026
niftymicrocap250,Quess Corp Ltd.,Services,QUESS,EQ,INE615P01015
niftymicrocap250,Rain Industries Ltd,Chemicals,RAIN,EQ,INE855B01025
niftymicrocap250,Rallis India Ltd.,Chemicals,RALLIS,EQ,INE613A01020
niftymicrocap250,Rategain Travel Technologies Ltd.,Information Technology,RATEGAIN,EQ,INE0CLI01024
niftymicrocap250,Ratnamani Metals & Tubes Ltd.,Capital Goods,RATNAMANI,EQ,INE703B01027
niftymicrocap250,Raymond Lifestyle Ltd.,Textiles,RAYMONDLSL,EQ,INE02ID01020
niftymicrocap250,Restaurant Brands Asia Ltd.,Consumer Services,RBA,EQ,INE07T201019
niftymicrocap250,Rashtriya Chemicals & Fertilizers Ltd.,Chemicals,RCF,EQ,INE027A01015
niftymicrocap250,Redtape Ltd.,Consumer Durables,REDTAPE,EQ,INE0LXT01019
niftymicrocap250,Refex Industries Ltd.,Utilities,REFEX,EQ,INE056I01025
niftymicrocap250,Relaxo Footwears Ltd.,Consumer Durables,RELAXO,EQ,INE131B01039
niftymicrocap250,Religare Enterprises Ltd.,Financial Services,RELIGARE,EQ,INE621H01010
niftymicrocap250,Shree Renuka Sugars Ltd.,Fast Moving Consumer Goods,RENUKA,EQ,INE087H01022
niftymicrocap250,Route Mobile Ltd.,Telecommunication,ROUTE,EQ,INE450U01017
niftymicrocap250,RattanIndia Enterprises Ltd.,Consumer Services,RTNINDIA,EQ,INE834M01019
niftymicrocap250,RattanIndia Power Ltd.,Power,RTNPOWER,EQ,INE399K01017
niftymicrocap250,Rubicon Research Ltd.,Healthcare,RUBICON,EQ,INE506V01022
niftymicrocap250,Saatvik Green Energy Ltd.,Capital Goods,SAATVIKGL,EQ,INE13B501022
niftymicrocap250,Safari Industries (India) Ltd.,Consumer Durables,SAFARI,EQ,INE429E01023
niftymicrocap250,Samhi Hotels Ltd.,Consumer Services,SAMHI,EQ,INE08U801020
niftymicrocap250,Sandur Manganese & Iron Ores Ltd.,Metals & Mining,SANDUMA,EQ,INE149K01016
niftymicrocap250,Sanofi Consumer Healthcare India Ltd.,Healthcare,SANOFICONR,EQ,INE0UOS01011
niftymicrocap250,Sansera Engineering Ltd.,Automobile and Auto Components,SANSERA,EQ,INE953O01021
niftymicrocap250,Senco Gold Ltd.,Consumer Durables,SENCO,EQ,INE602W01027
niftymicrocap250,Sheela Foam Ltd.,Consumer Durables,SFL,EQ,INE916U01025
niftymicrocap250,Shaily Engineering Plastics Ltd.,Consumer Durables,SHAILY,EQ,INE151G01028
niftymicrocap250,Shakti Pumps (India) Ltd.,Capital Goods,SHAKTIPUMP,EQ,INE908D01010
niftymicrocap250,Sharda Cropchem Ltd.,Chemicals,SHARDACROP,EQ,INE221J01015
niftymicrocap250,Share India Securities Ltd.,Financial Services,SHAREINDIA,EQ,INE932X01026
niftymicrocap250,Shilpa Medicare Ltd.,Healthcare,SHILPAMED,EQ,INE790G01031
niftymicrocap250,SPR Auto Technologies Ltd.,Automobile and Auto Components,SHRIPISTON,EQ,INE526E01018
niftymicrocap250,SKF India Ltd.,Automobile and Auto Components,SKFINDIA,EQ,INE640A01023
niftymicrocap250,SKF India (Industrial) Ltd.,Capital Goods,SKFINDUS,EQ,INE2J8701016
niftymicrocap250,Skipper Ltd.,Capital Goods,SKIPPER,EQ,INE439E01022
niftymicrocap250,SKY GOLD AND DIAMONDS Ltd.,Consumer Durables,SKYGOLD,EQ,INE01IU01018
niftymicrocap250,Smartworks Coworking Spaces Ltd.,Services,SMARTWORKS,EQ,INE0NAZ01010
niftymicrocap250,SML Mahindra Ltd.,Capital Goods,SMLMAH,EQ,INE294B01019
niftymicrocap250,South Indian Bank Ltd.,Financial Services,SOUTHBANK,EQ,INE683A01023
niftymicrocap250,Sun Pharma Advanced Research Company Ltd.,Healthcare,SPARC,EQ,INE232I01014
niftymicrocap250,Strides Pharma Science Ltd.,Healthcare,STAR,EQ,INE939A01011
niftymicrocap250,Star Cement Ltd.,Construction Materials,STARCEMENT,EQ,INE460H01021
niftymicrocap250,Sterlite Technologies Ltd.,Telecommunication,STLTECH,BE,INE089C01029
niftymicrocap250,Seshaasai Technologies Ltd.,Financial Services,STYL,EQ,INE04VU01023
niftymicrocap250,Styrenix Performance Materials Ltd.,Chemicals,STYRENIX,EQ,INE189B01011
niftymicrocap250,Subros Ltd.,Capital Goods,SUBROS,EQ,INE287B01021
niftymicrocap250,Sudarshan Chemical Industries Ltd.,Chemicals,SUDARSCHEM,EQ,INE659A01023
niftymicrocap250,Sudeep Pharma Ltd.,Chemicals,SUDEEPPHRM,EQ,INE0QPI01025
niftymicrocap250,Sunteck Realty Ltd.,Realty,SUNTECK,EQ,INE805D01034
niftymicrocap250,Supriya Lifescience Ltd.,Healthcare,SUPRIYA,EQ,INE07RO01027
niftymicrocap250,Surya Roshni Ltd.,Capital Goods,SURYAROSNI,EQ,INE335A01020
niftymicrocap250,Sterling and Wilson Renewable Energy Ltd.,Construction,SWSOLAR,EQ,INE00M201021
niftymicrocap250,Tanla Platforms Ltd.,Information Technology,TANLA,EQ,INE483C01032
niftymicrocap250,TARC Ltd.,Realty,TARC,EQ,INE0EK901012
niftymicrocap250,TD Power Systems Ltd.,Capital Goods,TDPOWERSYS,EQ,INE419M01035
niftymicrocap250,Texmaco Rail & Eng. Ltd.,Capital Goods,TEXRAIL,EQ,INE621L01012
niftymicrocap250,Thangamayil Jewellery Ltd.,Consumer Durables,THANGAMAYL,EQ,INE085J01014
niftymicrocap250,Thomas Cook (India) Ltd.,Consumer Services,THOMASCOOK,EQ,INE332A01027
niftymicrocap250,Thyrocare Technologies Ltd.,Healthcare,THYROCARE,EQ,INE594H01019
niftymicrocap250,Tilaknagar Industries Ltd.,Fast Moving Consumer Goods,TI,EQ,INE133E01013
niftymicrocap250,Time Technoplast Ltd.,Capital Goods,TIMETECHNO,EQ,INE508G01029
niftymicrocap250,Tips Music Ltd.,Media Entertainment & Publication,TIPSMUSIC,EQ,INE716B01029
niftymicrocap250,Tamilnad Mercantile Bank Ltd.,Financial Services,TMB,EQ,INE668A01016
niftymicrocap250,Transrail Lighting Ltd.,Capital Goods,TRANSRAILL,EQ,INE454P01035
niftymicrocap250,Triveni Engineering & Industries Ltd.,Fast Moving Consumer Goods,TRIVENI,EQ,INE256C01024
niftymicrocap250,TSF Investments Ltd.,Financial Services,TSFINV,EQ,INE202Z01029
niftymicrocap250,TVS Supply Chain Solutions Ltd.,Services,TVSSCS,EQ,INE395N01027
niftymicrocap250,Ujjivan Small Finance Bank Ltd.,Financial Services,UJJIVANSFB,EQ,INE551W01018
niftymicrocap250,Fujiyama Power Systems Ltd.,Capital Goods,UTLSOLAR,EQ,INE12UR01024
niftymicrocap250,V2 Retail Ltd.,Consumer Services,V2RETAIL,EQ,INE945H01021
niftymicrocap250,Vaibhav Global Ltd.,Consumer Durables,VAIBHAVGBL,EQ,INE884A01027
niftymicrocap250,Varroc Engineering Ltd.,Automobile and Auto Components,VARROC,EQ,INE665L01035
niftymicrocap250,V-Guard Industries Ltd.,Consumer Durables,VGUARD,EQ,INE951I01027
niftymicrocap250,Vikram Solar Ltd.,Capital Goods,VIKRAMSOLR,EQ,INE078V01014
niftymicrocap250,V.I.P. Industries Ltd.,Consumer Durables,VIPIND,EQ,INE054A01027
niftymicrocap250,Viyash Scientific Ltd.,Healthcare,VIYASH,EQ,INE807F01027
niftymicrocap250,V-Mart Retail Ltd.,Consumer Services,VMART,EQ,INE665J01013
niftymicrocap250,Voltamp Transformers Ltd,Capital Goods,VOLTAMP,EQ,INE540H01012
niftymicrocap250,Waaree Renewable Technologies Ltd.,Capital Goods,WAAREERTL,EQ,INE299N01021
niftymicrocap250,Va Tech Wabag Ltd.,Utilities,WABAG,EQ,INE956G01038
niftymicrocap250,Wakefit Innovations Ltd.,Consumer Durables,WAKEFIT,EQ,INE0E7301029
niftymicrocap250,Websol Energy System Ltd.,Capital Goods,WEBELSOLAR,EQ,INE855C01023
niftymicrocap250,Welspun Enterprises Ltd.,Construction,WELENT,EQ,INE625G01013
niftymicrocap250,Westlife Foodworld Ltd.,Consumer Services,WESTLIFE,EQ,INE274F01020
niftymicrocap250,WeWork India Management Ltd.,Services,WEWORK,EQ,INE085001019
niftymicrocap250,Yatharth Hospital & Trauma Care Services Ltd.,Healthcare,YATHARTH,EQ,INE0JO301016
niftymicrocap250,Zaggle Prepaid Ocean Services Ltd.,Information Technology,ZAGGLE,EQ,INE07K301024
niftymidcap150,360 ONE WAM Ltd.,Financial Services,360ONE,EQ,INE466L01038
niftymidcap150,3M India Ltd.,Diversified,3MINDIA,EQ,INE470A01017
niftymidcap150,Abbott India Ltd.,Healthcare,ABBOTINDIA,EQ,INE358A01014
niftymidcap150,Aditya Birla Capital Ltd.,Financial Services,ABCAPITAL,EQ,INE674K01013
niftymidcap150,ACC Ltd.,Construction Materials,ACC,EQ,INE012A01025
niftymidcap150,AIA Engineering Ltd.,Capital Goods,AIAENG,EQ,INE212H01026
niftymidcap150,Authum Investment & Infrastructure Ltd.,Financial Services,AIIL,EQ,INE206F01022
niftymidcap150,Ajanta Pharmaceuticals Ltd.,Healthcare,AJANTPHARM,EQ,INE031B01049
niftymidcap150,Alkem Laboratories Ltd.,Healthcare,ALKEM,EQ,INE540L01014
niftymidcap150,Anthem Biosciences Ltd.,Healthcare,ANTHEM,EQ,INE0CZ201020
niftymidcap150,Apar Industries Ltd.,Capital Goods,APARINDS,EQ,INE372A01015
niftymidcap150,APL Apollo Tubes Ltd.,Capital Goods,APLAPOLLO,EQ,INE702C01027
niftymidcap150,Apollo Tyres Ltd.,Automobile and Auto Components,APOLLOTYRE,EQ,INE438A01022
niftymidcap150,Ashok Leyland Ltd.,Capital Goods,ASHOKLEY,EQ,INE208A01029
niftymidcap150,Astral Ltd.,Capital Goods,ASTRAL,EQ,INE006I01046
niftymidcap150,Adani Total Gas Ltd.,Oil Gas & Consumable Fuels,ATGL,EQ,INE399L01023
niftymidcap150,AU Small Finance Bank Ltd.,Financial Services,AUBANK,EQ,INE949L01017
niftymidcap150,Aurobindo Pharma Ltd.,Healthcare,AUROPHARMA,EQ,INE406A01037
niftymidcap150,AWL Agri Business Ltd.,Fast Moving Consumer Goods,AWL,EQ,INE699H01024
niftymidcap150,Bajaj Housing Finance Ltd.,Financial Services,BAJAJHFL,EQ,INE377Y01014
niftymidcap150,Balkrishna Industries Ltd.,Automobile and Auto Components,BALKRISIND,EQ,INE787D01026
niftymidcap150,Bank of India,Financial Services,BANKINDIA,EQ,INE084A01016
niftymidcap150,Bharat Dynamics Ltd.,Capital Goods,BDL,EQ,INE171Z01026
niftymidcap150,Berger Paints India Ltd.,Consumer Durables,BERGEPAINT,EQ,INE463A01038
niftymidcap150,Bharat Forge Ltd.,Automobile and Auto Components,BHARATFORG,EQ,INE465A01025
niftymidcap150,Bharti Hexacom Ltd.,Telecommunication,BHARTIHEXA,EQ,INE343G01021
niftymidcap150,Bharat Heavy Electricals Ltd.,Capital Goods,BHEL,EQ,INE257A01026
niftymidcap150,Biocon Ltd.,Healthcare,BIOCON,EQ,INE376G01013
niftymidcap150,Blue Star Ltd.,Consumer Durables,BLUESTARCO,EQ,INE472A01039
niftymidcap150,BSE Ltd.,Financial Services,BSE,EQ,INE118H01025
niftymidcap150,Cochin Shipyard Ltd.,Capital Goods,COCHINSHIP,EQ,INE704P01025
niftymidcap150,Coforge Ltd.,Information Technology,COFORGE,EQ,INE591G01025
niftymidcap150,Colgate Palmolive (India) Ltd.,Fast Moving Consumer Goods,COLPAL,EQ,INE259A01022
niftymidcap150,Container Corporation of India Ltd.,Services,CONCOR,EQ,INE111A01025
niftymidcap150,Coromandel International Ltd.,Chemicals,COROMANDEL,EQ,INE169A01031
niftymidcap150,CRISIL Ltd.,Financial Services,CRISIL,EQ,INE007A01025
niftymidcap150,Dabur India Ltd.,Fast Moving Consumer Goods,DABUR,EQ,INE016A01026
niftymidcap150,Dalmia Bharat Ltd.,Construction Materials,DALBHARAT,EQ,INE00R701025
niftymidcap150,Dixon Technologies (India) Ltd.,Consumer Durables,DIXON,EQ,INE935N01020
niftymidcap150,Endurance Technologies Ltd.,Automobile and Auto Components,ENDURANCE,EQ,INE913H01037
niftymidcap150,Escorts Kubota Ltd.,Capital Goods,ESCORTS,EQ,INE042A01014
niftymidcap150,Exide Industries Ltd.,Automobile and Auto Components,EXIDEIND,EQ,INE302A01020
niftymidcap150,Federal Bank Ltd.,Financial Services,FEDERALBNK,EQ,INE171A01029
niftymidcap150,Gujarat Fluorochemicals Ltd.,Chemicals,FLUOROCHEM,EQ,INE09N301011
niftymidcap150,Fortis Healthcare Ltd.,Healthcare,FORTIS,EQ,INE061F01013
niftymidcap150,General Insurance Corporation of India,Financial Services,GICRE,EQ,INE481Y01014
niftymidcap150,Glaxosmithkline Pharmaceuticals Ltd.,Healthcare,GLAXO,EQ,INE159A01016
niftymidcap150,Glenmark Pharmaceuticals Ltd.,Healthcare,GLENMARK,EQ,INE935A01035
niftymidcap150,GMR Airports Ltd.,Services,GMRAIRPORT,EQ,INE776C01039
niftymidcap150,Godfrey Phillips India Ltd.,Fast Moving Consumer Goods,GODFRYPHLP,EQ,INE260B01028
niftymidcap150,Godrej Industries Ltd.,Diversified,GODREJIND,EQ,INE233A01035
niftymidcap150,Godrej Properties Ltd.,Realty,GODREJPROP,EQ,INE484J01027
niftymidcap150,Billionbrains Garage Ventures Ltd.,Financial Services,GROWW,EQ,INE0HOQ01053
niftymidcap150,GE Vernova T&D India Ltd.,Capital Goods,GVT&D,EQ,INE200A01026
niftymidcap150,Havells India Ltd.,Consumer Durables,HAVELLS,EQ,INE176B01034
niftymidcap150,HDB Financial Services Ltd.,Financial Services,HDBFS,EQ,INE756I01012
niftymidcap150,Hero MotoCorp Ltd.,Automobile and Auto Components,HEROMOTOCO,EQ,INE158A01026
niftymidcap150,Hexaware Technologies Ltd.,Information Technology,HEXT,EQ,INE093A01041
niftymidcap150,Hindustan Petroleum Corporation Ltd.,Oil Gas & Consumable Fuels,HINDPETRO,EQ,INE094A01015
niftymidcap150,Honeywell Automation India Ltd.,Capital Goods,HONAUT,EQ,INE671A01010
niftymidcap150,Housing & Urban Development Corporation Ltd.,Financial Services,HUDCO,EQ,INE031A01017
niftymidcap150,ICICI Prudential Asset Management Company Ltd.,Financial Services,ICICIAMC,EQ,INE346A01027
niftymidcap150,ICICI Lombard General Insurance Company Ltd.,Financial Services,ICICIGI,EQ,INE765G01017
niftymidcap150,ICICI Prudential Life Insurance Company Ltd.,Financial Services,ICICIPRULI,EQ,INE726G01019
niftymidcap150,Vodafone Idea Ltd.,Telecommunication,IDEA,EQ,INE669E01016
niftymidcap150,IDFC First Bank Ltd.,Financial Services,IDFCFIRSTB,EQ,INE092T01019
niftymidcap150,Indian Bank,Financial Services,INDIANB,EQ,INE562A01011
niftymidcap150,IndusInd Bank Ltd.,Financial Services,INDUSINDBK,EQ,INE095A01012
niftymidcap150,Indus Towers Ltd.,Telecommunication,INDUSTOWER,EQ,INE121J01017
niftymidcap150,Ipca Laboratories Ltd.,Healthcare,IPCALAB,EQ,INE571A01038
niftymidcap150,Indian Railway Catering And Tourism Corporation Ltd.,Consumer Services,IRCTC,EQ,INE335Y01020
niftymidcap150,Indian Renewable Energy Development Agency Ltd.,Financial Services,IREDA,EQ,INE202E01016
niftymidcap150,ITC Hotels Ltd.,Consumer Services,ITCHOTELS,EQ,INE379A01028
niftymidcap150,J.K. Cement Ltd.,Construction Materials,JKCEMENT,EQ,INE823G01014
niftymidcap150,Jindal Stainless Ltd.,Metals & Mining,JSL,EQ,INE220G01021
niftymidcap150,JSW Energy Ltd.,Power,JSWENERGY,EQ,INE121E01018
niftymidcap150,JSW Infrastructure Ltd.,Services,JSWINFRA,EQ,INE880J01026
niftymidcap150,Jubilant Foodworks Ltd.,Consumer Services,JUBLFOOD,EQ,INE797F01020
niftymidcap150,Kalyan Jewellers India Ltd.,Consumer Durables,KALYANKJIL,EQ,INE303R01014
niftymidcap150,KEI Industries Ltd.,Capital Goods,KEI,EQ,INE878B01027
niftymidcap150,KPIT Technologies Ltd.,Information Technology,KPITTECH,EQ,INE04I401011
niftymidcap150,K.P.R. Mill Ltd.,Textiles,KPRMILL,EQ,INE930H01031
niftymidcap150,Laurus Labs Ltd.,Healthcare,LAURUSLABS,EQ,INE947Q01028
niftymidcap150,Lenskart Solutions Ltd.,Consumer Services,LENSKART,EQ,INE956O01016
niftymidcap150,LG Electronics India Ltd.,Consumer Durables,LGEINDIA,EQ,INE324D01010
niftymidcap150,LIC Housing Finance Ltd.,Financial Services,LICHSGFIN,EQ,INE115A01026
niftymidcap150,Life Insurance Corporation of India,Financial Services,LICI,EQ,INE0J1Y01017
niftymidcap150,Linde India Ltd.,Chemicals,LINDEINDIA,EQ,INE473A01011
niftymidcap150,Lloyds Metals And Energy Ltd.,Metals & Mining,LLOYDSME,EQ,INE281B01032
niftymidcap150,L&T Finance Ltd.,Financial Services,LTF,EQ,INE498L01015
niftymidcap150,L&T Technology Services Ltd.,Information Technology,LTTS,EQ,INE010V01017
niftymidcap150,Lupin Ltd.,Healthcare,LUPIN,EQ,INE326A01037
niftymidcap150,Mahindra & Mahindra Financial Services Ltd.,Financial Services,M&MFIN,EQ,INE774D01024
niftymidcap150,Bank of Maharashtra,Financial Services,MAHABANK,EQ,INE457A01014
niftymidcap150,Mankind Pharma Ltd.,Healthcare,MANKIND,EQ,INE634S01028
niftymidcap150,Marico Ltd.,Fast Moving Consumer Goods,MARICO,EQ,INE196A01026
niftymidcap150,Multi Commodity Exchange of India Ltd.,Financial Services,MCX,EQ,INE745G01043
niftymidcap150,Global Health Ltd.,Healthcare,MEDANTA,EQ,INE474Q01031
niftymidcap150,Max Financial Services Ltd.,Financial Services,MFSL,EQ,INE180A01020
niftymidcap150,Motilal Oswal Financial Services Ltd.,Financial Services,MOTILALOFS,EQ,INE338I01027
niftymidcap150,MphasiS Ltd.,Information Technology,MPHASIS,EQ,INE356A01018
niftymidcap150,MRF Ltd.,Automobile and Auto Components,MRF,EQ,INE883A01011
niftymidcap150,Nippon Life India Asset Management Ltd.,Financial Services,NAM-INDIA,EQ,INE298J01013
niftymidcap150,National Aluminium Co. Ltd.,Metals & Mining,NATIONALUM,EQ,INE139A01034
niftymidcap150,Info Edge (India) Ltd.,Consumer Services,NAUKRI,EQ,INE663F01032
niftymidcap150,NHPC Ltd.,Power,NHPC,EQ,INE848E01016
niftymidcap150,The New India Assurance Company Ltd.,Financial Services,NIACL,EQ,INE470Y01017
niftymidcap150,NLC India Ltd.,Power,NLCINDIA,EQ,INE589A01014
niftymidcap150,NMDC Ltd.,Metals & Mining,NMDC,EQ,INE584A01023
niftymidcap150,NTPC Green Energy Ltd.,Power,NTPCGREEN,EQ,INE0ONG01011
niftymidcap150,FSN E-Commerce Ventures Ltd.,Consumer Services,NYKAA,EQ,INE388Y01029
niftymidcap150,Oberoi Realty Ltd.,Realty,OBEROIRLTY,EQ,INE093I01010
niftymidcap150,Oracle Financial Services Software Ltd.,Information Technology,OFSS,EQ,INE881D01027
niftymidcap150,Oil India Ltd.,Oil Gas & Consumable Fuels,OIL,EQ,INE274J01014
niftymidcap150,Page Industries Ltd.,Textiles,PAGEIND,EQ,INE761H01022
niftymidcap150,Patanjali Foods Ltd.,Fast Moving Consumer Goods,PATANJALI,EQ,INE619A01035
niftymidcap150,One 97 Communications Ltd.,Financial Services,PAYTM,EQ,INE982J01020
niftymidcap150,Persistent Systems Ltd.,Information Technology,PERSISTENT,EQ,INE262H01021
niftymidcap150,Petronet LNG Ltd.,Oil Gas & Consumable Fuels,PETRONET,EQ,INE347G01014
niftymidcap150,Phoenix Mills Ltd.,Realty,PHOENIXLTD,EQ,INE211B01039
niftymidcap150,PI Industries Ltd.,Chemicals,PIIND,EQ,INE603J01030
niftymidcap150,PB Fintech Ltd.,Financial Services,POLICYBZR,EQ,INE417T01026
niftymidcap150,Polycab India Ltd.,Capital Goods,POLYCAB,EQ,INE455K01017
niftymidcap150,Hitachi Energy India Ltd.,Capital Goods,POWERINDIA,EQ,INE07Y701011
niftymidcap150,Premier Energies Ltd.,Capital Goods,PREMIERENE,EQ,INE0BS701011
niftymidcap150,Prestige Estates Projects Ltd.,Realty,PRESTIGE,EQ,INE811K01011
niftymidcap150,Radico Khaitan Ltd,Fast Moving Consumer Goods,RADICO,EQ,INE944F01028
niftymidcap150,Rail Vikas Nigam Ltd.,Construction,RVNL,EQ,INE415G01027
niftymidcap150,Steel Authority of India Ltd.,Metals & Mining,SAIL,EQ,INE114A01011
niftymidcap150,SBI Cards and Payment Services Ltd.,Financial Services,SBICARD,EQ,INE018E01016
niftymidcap150,Schaeffler India Ltd.,Automobile and Auto Components,SCHAEFFLER,EQ,INE513A01022
niftymidcap150,SJVN Ltd.,Power,SJVN,EQ,INE002L01015
niftymidcap150,SRF Ltd.,Chemicals,SRF,EQ,INE647A01010
niftymidcap150,Sundaram Finance Ltd.,Financial Services,SUNDARMFIN,EQ,INE660A01013
niftymidcap150,Supreme Industries Ltd.,Capital Goods,SUPREMEIND,EQ,INE195A01028
niftymidcap150,Suzlon Energy Ltd.,Capital Goods,SUZLON,EQ,INE040H01021
niftymidcap150,Swiggy Ltd.,Consumer Services,SWIGGY,EQ,INE00H001014
niftymidcap150,Tata Communications Ltd.,Telecommunication,TATACOMM,EQ,INE151A01013
niftymidcap150,Tata Elxsi Ltd.,Information Technology,TATAELXSI,EQ,INE670A01012
niftymidcap150,Tata Investment Corporation Ltd.,Financial Services,TATAINVEST,EQ,INE672A01026
niftymidcap150,Thermax Ltd.,Capital Goods,THERMAX,EQ,INE152A01029
niftymidcap150,Tube Investments of India Ltd.,Automobile and Auto Components,TIINDIA,EQ,INE974X01010
niftymidcap150,Torrent Power Ltd.,Power,TORNTPOWER,EQ,INE813H01021
niftymidcap150,United Breweries Ltd.,Fast Moving Consumer Goods,UBL,EQ,INE686F01025
niftymidcap150,UNO Minda Ltd.,Automobile and Auto Components,UNOMINDA,EQ,INE405E01023
niftymidcap150,UPL Ltd.,Chemicals,UPL,EQ,INE628A01036
niftymidcap150,Vishal Mega Mart Ltd.,Consumer Services,VMM,EQ,INE01EA01019
niftymidcap150,Voltas Ltd.,Consumer Durables,VOLTAS,EQ,INE226A01021
niftymidcap150,Waaree Energies Ltd.,Capital Goods,WAAREEENER,EQ,INE377N01017
niftymidcap150,Yes Bank Ltd.,Financial Services,YESBANK,EQ,INE528G01035
niftymidcapselect,Ashok Leyland Ltd.,Capital Goods,ASHOKLEY,EQ,INE208A01029
niftymidcapselect,AU Small Finance Bank Ltd.,Financial Services,AUBANK,EQ,INE949L01017
niftymidcapselect,Aurobindo Pharma Ltd.,Healthcare,AUROPHARMA,EQ,INE406A01037
niftymidcapselect,Bharat Forge Ltd.,Automobile and Auto Components,BHARATFORG,EQ,INE465A01025
niftymidcapselect,Bharat Heavy Electricals Ltd.,Capital Goods,BHEL,EQ,INE257A01026
niftymidcapselect,BSE Ltd.,Financial Services,BSE,EQ,INE118H01025
niftymidcapselect,Dixon Technologies (India) Ltd.,Consumer Durables,DIXON,EQ,INE935N01020
niftymidcapselect,Fortis Healthcare Ltd.,Healthcare,FORTIS,EQ,INE061F01013
niftymidcapselect,Hero MotoCorp Ltd.,Automobile and Auto Components,HEROMOTOCO,EQ,INE158A01026
niftymidcapselect,Hindustan Petroleum Corporation Ltd.,Oil Gas & Consumable Fuels,HINDPETRO,EQ,INE094A01015
niftymidcapselect,Indian Bank,Financial Services,INDIANB,EQ,INE562A01011
niftymidcapselect,IndusInd Bank Ltd.,Financial Services,INDUSINDBK,EQ,INE095A01012
niftymidcapselect,Indus Towers Ltd.,Telecommunication,INDUSTOWER,EQ,INE121J01017
niftymidcapselect,Life Insurance Corporation of India,Financial Services,LICI,EQ,INE0J1Y01017
niftymidcapselect,Lupin Ltd.,Healthcare,LUPIN,EQ,INE326A01037
niftymidcapselect,Marico Ltd.,Fast Moving Consumer Goods,MARICO,EQ,INE196A01026
niftymidcapselect,Info Edge (India) Ltd.,Consumer Services,NAUKRI,EQ,INE663F01032
niftymidcapselect,One 97 Communications Ltd.,Financial Services,PAYTM,EQ,INE982J01020
niftymidcapselect,Persistent Systems Ltd.,Information Technology,PERSISTENT,EQ,INE262H01021
niftymidcapselect,PB Fintech Ltd.,Financial Services,POLICYBZR,EQ,INE417T01026
niftymidcapselect,Polycab India Ltd.,Capital Goods,POLYCAB,EQ,INE455K01017
niftymidcapselect,SRF Ltd.,Chemicals,SRF,EQ,INE647A01010
niftymidcapselect,Suzlon Energy Ltd.,Capital Goods,SUZLON,EQ,INE040H01021
niftymidcapselect,Swiggy Ltd.,Consumer Services,SWIGGY,EQ,INE00H001014
niftymidcapselect,Yes Bank Ltd.,Financial Services,YESBANK,EQ,INE528G01035
niftymidsmallfinancialservices,360 ONE WAM Ltd.,Financial Services,360ONE,EQ,INE466L01038
niftymidsmallfinancialservices,Aditya Birla Capital Ltd.,Financial Services,ABCAPITAL,EQ,INE674K01013
niftymidsmallfinancialservices,Angel One Ltd.,Financial Services,ANGELONE,EQ,INE732I01021
niftymidsmallfinancialservices,AU Small Finance Bank Ltd.,Financial Services,AUBANK,EQ,INE949L01017
niftymidsmallfinancialservices,Bandhan Bank Ltd.,Financial Services,BANDHANBNK,EQ,INE545U01014
niftymidsmallfinancialservices,Bank of India,Financial Services,BANKINDIA,EQ,INE084A01016
niftymidsmallfinancialservices,BSE Ltd.,Financial Services,BSE,EQ,INE118H01025
niftymidsmallfinancialservices,Computer Age Management Services Ltd.,Financial Services,CAMS,EQ,INE596I01020
niftymidsmallfinancialservices,Central Depository Services (India) Ltd.,Financial Services,CDSL,EQ,INE736A01011
niftymidsmallfinancialservices,Federal Bank Ltd.,Financial Services,FEDERALBNK,EQ,INE171A01029
niftymidsmallfinancialservices,Housing & Urban Development Corporation Ltd.,Financial Services,HUDCO,EQ,INE031A01017
niftymidsmallfinancialservices,ICICI Lombard General Insurance Company Ltd.,Financial Services,ICICIGI,EQ,INE765G01017
niftymidsmallfinancialservices,ICICI Prudential Life Insurance Company Ltd.,Financial Services,ICICIPRULI,EQ,INE726G01019
niftymidsmallfinancialservices,IDFC First Bank Ltd.,Financial Services,IDFCFIRSTB,EQ,INE092T01019
niftymidsmallfinancialservices,Indian Energy Exchange Ltd.,Financial Services,IEX,EQ,INE022Q01020
niftymidsmallfinancialservices,Indian Bank,Financial Services,INDIANB,EQ,INE562A01011
niftymidsmallfinancialservices,IndusInd Bank Ltd.,Financial Services,INDUSINDBK,EQ,INE095A01012
niftymidsmallfinancialservices,Kfin Technologies Ltd.,Financial Services,KFINTECH,EQ,INE138Y01010
niftymidsmallfinancialservices,LIC Housing Finance Ltd.,Financial Services,LICHSGFIN,EQ,INE115A01026
niftymidsmallfinancialservices,Life Insurance Corporation of India,Financial Services,LICI,EQ,INE0J1Y01017
niftymidsmallfinancialservices,L&T Finance Ltd.,Financial Services,LTF,EQ,INE498L01015
niftymidsmallfinancialservices,Manappuram Finance Ltd.,Financial Services,MANAPPURAM,EQ,INE522D01027
niftymidsmallfinancialservices,Multi Commodity Exchange of India Ltd.,Financial Services,MCX,EQ,INE745G01043
niftymidsmallfinancialservices,Max Financial Services Ltd.,Financial Services,MFSL,EQ,INE180A01020
niftymidsmallfinancialservices,One 97 Communications Ltd.,Financial Services,PAYTM,EQ,INE982J01020
niftymidsmallfinancialservices,PNB Housing Finance Ltd.,Financial Services,PNBHOUSING,EQ,INE572E01012
niftymidsmallfinancialservices,PB Fintech Ltd.,Financial Services,POLICYBZR,EQ,INE417T01026
niftymidsmallfinancialservices,RBL Bank Ltd.,Financial Services,RBLBANK,EQ,INE976G01028
niftymidsmallfinancialservices,SBI Cards and Payment Services Ltd.,Financial Services,SBICARD,EQ,INE018E01016
niftymidsmallfinancialservices,Yes Bank Ltd.,Financial Services,YESBANK,EQ,INE528G01035
niftymidsmallhealthcare,Abbott India Ltd.,Healthcare,ABBOTINDIA,EQ,INE358A01014
niftymidsmallhealthcare,Acutaas Chemicals Ltd.,Healthcare,ACUTAAS,EQ,INE00FF01025
niftymidsmallhealthcare,Ajanta Pharmaceuticals Ltd.,Healthcare,AJANTPHARM,EQ,INE031B01049
niftymidsmallhealthcare,Alkem Laboratories Ltd.,Healthcare,ALKEM,EQ,INE540L01014
niftymidsmallhealthcare,Aster DM Quality Care Ltd.,Healthcare,ASTERDM,EQ,INE914M01019
niftymidsmallhealthcare,Aurobindo Pharma Ltd.,Healthcare,AUROPHARMA,EQ,INE406A01037
niftymidsmallhealthcare,Biocon Ltd.,Healthcare,BIOCON,EQ,INE376G01013
niftymidsmallhealthcare,Cohance Lifesciences Ltd.,Healthcare,COHANCE,EQ,INE03QK01018
niftymidsmallhealthcare,Fortis Healthcare Ltd.,Healthcare,FORTIS,EQ,INE061F01013
niftymidsmallhealthcare,Gland Pharma Ltd.,Healthcare,GLAND,EQ,INE068V01023
niftymidsmallhealthcare,Glaxosmithkline Pharmaceuticals Ltd.,Healthcare,GLAXO,EQ,INE159A01016
niftymidsmallhealthcare,Glenmark Pharmaceuticals Ltd.,Healthcare,GLENMARK,EQ,INE935A01035
niftymidsmallhealthcare,Granules India Ltd.,Healthcare,GRANULES,EQ,INE101D01020
niftymidsmallhealthcare,Ipca Laboratories Ltd.,Healthcare,IPCALAB,EQ,INE571A01038
niftymidsmallhealthcare,Krishna Institute of Medical Sciences Ltd.,Healthcare,KIMS,EQ,INE967H01025
niftymidsmallhealthcare,Dr. Lal Path Labs Ltd.,Healthcare,LALPATHLAB,EQ,INE600L01024
niftymidsmallhealthcare,Laurus Labs Ltd.,Healthcare,LAURUSLABS,EQ,INE947Q01028
niftymidsmallhealthcare,Lupin Ltd.,Healthcare,LUPIN,EQ,INE326A01037
niftymidsmallhealthcare,Mankind Pharma Ltd.,Healthcare,MANKIND,EQ,INE634S01028
niftymidsmallhealthcare,Global Health Ltd.,Healthcare,MEDANTA,EQ,INE474Q01031
niftymidsmallhealthcare,NATCO Pharma Ltd.,Healthcare,NATCOPHARM,EQ,INE987B01026
niftymidsmallhealthcare,Neuland Laboratories Ltd.,Healthcare,NEULANDLAB,EQ,INE794A01010
niftymidsmallhealthcare,Narayana Hrudayalaya Ltd.,Healthcare,NH,EQ,INE410P01011
niftymidsmallhealthcare,Onesource Specialty Pharma Ltd.,Healthcare,ONESOURCE,EQ,INE013P01021
niftymidsmallhealthcare,Pfizer Ltd.,Healthcare,PFIZER,EQ,INE182A01018
niftymidsmallhealthcare,Poly Medicure Ltd.,Healthcare,POLYMED,EQ,INE205C01021
niftymidsmallhealthcare,Piramal Pharma Ltd.,Healthcare,PPLPHARMA,EQ,INE0DK501011
niftymidsmallhealthcare,Sai Life Sciences Ltd.,Healthcare,SAILIFE,EQ,INE570L01029
niftymidsmallhealthcare,Syngene International Ltd.,Healthcare,SYNGENE,EQ,INE398R01022
niftymidsmallhealthcare,Wockhardt Ltd.,Healthcare,WOCKPHARMA,EQ,INE049B01025
niftymidsmallitandtelecom,Affle 3i Ltd.,Information Technology,AFFLE,EQ,INE00WC01027
niftymidsmallitandtelecom,Bharti Hexacom Ltd.,Telecommunication,BHARTIHEXA,EQ,INE343G01021
niftymidsmallitandtelecom,Coforge Ltd.,Information Technology,COFORGE,EQ,INE591G01025
niftymidsmallitandtelecom,Cyient Ltd.,Information Technology,CYIENT,EQ,INE136B01020
niftymidsmallitandtelecom,Hexaware Technologies Ltd.,Information Technology,HEXT,EQ,INE093A01041
niftymidsmallitandtelecom,HFCL Ltd.,Telecommunication,HFCL,EQ,INE548A01028
niftymidsmallitandtelecom,Vodafone Idea Ltd.,Telecommunication,IDEA,EQ,INE669E01016
niftymidsmallitandtelecom,Indus Towers Ltd.,Telecommunication,INDUSTOWER,EQ,INE121J01017
niftymidsmallitandtelecom,Intellect Design Arena Ltd.,Information Technology,INTELLECT,EQ,INE306R01017
niftymidsmallitandtelecom,KPIT Technologies Ltd.,Information Technology,KPITTECH,EQ,INE04I401011
niftymidsmallitandtelecom,L&T Technology Services Ltd.,Information Technology,LTTS,EQ,INE010V01017
niftymidsmallitandtelecom,MphasiS Ltd.,Information Technology,MPHASIS,EQ,INE356A01018
niftymidsmallitandtelecom,Oracle Financial Services Software Ltd.,Information Technology,OFSS,EQ,INE881D01027
niftymidsmallitandtelecom,Persistent Systems Ltd.,Information Technology,PERSISTENT,EQ,INE262H01021
niftymidsmallitandtelecom,Sagility Ltd.,Information Technology,SAGILITY,EQ,INE0W2G01015
niftymidsmallitandtelecom,Sonata Software Ltd.,Information Technology,SONATSOFTW,EQ,INE269A01021
niftymidsmallitandtelecom,Tata Communications Ltd.,Telecommunication,TATACOMM,EQ,INE151A01013
niftymidsmallitandtelecom,Tata Elxsi Ltd.,Information Technology,TATAELXSI,EQ,INE670A01012
niftymidsmallitandtelecom,Tata Technologies Ltd.,Information Technology,TATATECH,EQ,INE142M01025
niftymidsmallitandtelecom,Zensar Technolgies Ltd.,Information Technology,ZENSARTECH,EQ,INE520A01027
niftynbfc,Authum Investment & Infrastructure Ltd.,Financial Services,AIIL,EQ,INE206F01022
niftynbfc,Bajaj Finance Ltd.,Financial Services,BAJFINANCE,EQ,INE296A01032
niftynbfc,Capri Global Capital Ltd.,Financial Services,CGCL,EQ,INE180C01042
niftynbfc,Cholamandalam Investment and Finance Company Ltd.,Financial Services,CHOLAFIN,EQ,INE121A01024
niftynbfc,Fedbank Financial Services Ltd.,Financial Services,FEDFINA,EQ,INE007N01010
niftynbfc,Five-Star Business Finance Ltd.,Financial Services,FIVESTAR,EQ,INE128S01021
niftynbfc,HDB Financial Services Ltd.,Financial Services,HDBFS,EQ,INE756I01012
niftynbfc,IIFL Finance Ltd.,Financial Services,IIFL,EQ,INE530B01024
niftynbfc,L&T Finance Ltd.,Financial Services,LTF,EQ,INE498L01015
niftynbfc,Mahindra & Mahindra Financial Services Ltd.,Financial Services,M&MFIN,EQ,INE774D01024
niftynbfc,Manappuram Finance Ltd.,Financial Services,MANAPPURAM,EQ,INE522D01027
niftynbfc,Muthoot Finance Ltd.,Financial Services,MUTHOOTFIN,EQ,INE414G01012
niftynbfc,Piramal Finance Ltd.,Financial Services,PIRAMALFIN,EQ,INE202B01038
niftynbfc,Poonawalla Fincorp Ltd.,Financial Services,POONAWALLA,EQ,INE511C01022
niftynbfc,SBFC Finance Ltd.,Financial Services,SBFC,EQ,INE423Y01016
niftynbfc,SBI Cards and Payment Services Ltd.,Financial Services,SBICARD,EQ,INE018E01016
niftynbfc,Shriram Finance Ltd.,Financial Services,SHRIRAMFIN,EQ,INE721A01047
niftynbfc,Sundaram Finance Ltd.,Financial Services,SUNDARMFIN,EQ,INE660A01013
niftynbfc,Tata Capital Ltd.,Financial Services,TATACAP,EQ,INE976I01016
niftynext50,ABB India Ltd.,Capital Goods,ABB,EQ,INE117A01022
niftynext50,Adani Energy Solutions Ltd.,Power,ADANIENSOL,EQ,INE931S01010
niftynext50,Adani Green Energy Ltd.,Power,ADANIGREEN,EQ,INE364U01010
niftynext50,Adani Power Ltd.,Power,ADANIPOWER,EQ,INE814H01029
niftynext50,Ambuja Cements Ltd.,Construction Materials,AMBUJACEM,EQ,INE079A01024
niftynext50,Bajaj Holdings & Investment Ltd.,Financial Services,BAJAJHLDNG,EQ,INE118A01012
niftynext50,Bank of Baroda,Financial Services,BANKBARODA,EQ,INE028A01039
niftynext50,Bosch Ltd.,Automobile and Auto Components,BOSCHLTD,EQ,INE323A01026
niftynext50,Bharat Petroleum Corporation Ltd.,Oil Gas & Consumable Fuels,BPCL,EQ,INE029A01011
niftynext50,Britannia Industries Ltd.,Fast Moving Consumer Goods,BRITANNIA,EQ,INE216A01030
niftynext50,Canara Bank,Financial Services,CANBK,EQ,INE476A01022
niftynext50,CG Power and Industrial Solutions Ltd.,Capital Goods,CGPOWER,EQ,INE067A01029
niftynext50,Cholamandalam Investment and Finance Company Ltd.,Financial Services,CHOLAFIN,EQ,INE121A01024
niftynext50,Cummins India Ltd.,Capital Goods,CUMMINSIND,EQ,INE298A01020
niftynext50,Divi's Laboratories Ltd.,Healthcare,DIVISLAB,EQ,INE361B01024
niftynext50,DLF Ltd.,Realty,DLF,EQ,INE271C01023
niftynext50,Avenue Supermarts Ltd.,Consumer Services,DMART,EQ,INE192R01011
niftynext50,Siemens Energy India Ltd.,Capital Goods,ENRIN,EQ,INE1NPP01017
niftynext50,GAIL (India) Ltd.,Oil Gas & Consumable Fuels,GAIL,EQ,INE129A01019
niftynext50,Godrej Consumer Products Ltd.,Fast Moving Consumer Goods,GODREJCP,EQ,INE102D01028
niftynext50,Hindustan Aeronautics Ltd.,Capital Goods,HAL,EQ,INE066F01020
niftynext50,HDFC Asset Management Company Ltd.,Financial Services,HDFCAMC,EQ,INE127D01025
niftynext50,Hindustan Zinc Ltd.,Metals & Mining,HINDZINC,EQ,INE267A01025
niftynext50,Hyundai Motor India Ltd.,Automobile and Auto Components,HYUNDAI,EQ,INE0V6F01027
niftynext50,Indian Hotels Co. Ltd.,Consumer Services,INDHOTEL,EQ,INE053A01029
niftynext50,Indian Oil Corporation Ltd.,Oil Gas & Consumable Fuels,IOC,EQ,INE242A01010
niftynext50,Indian Railway Finance Corporation Ltd.,Financial Services,IRFC,EQ,INE053F01010
niftynext50,Jindal Steel Ltd.,Metals & Mining,JINDALSTEL,EQ,INE749A01030
niftynext50,Lodha Developers Ltd.,Realty,LODHA,EQ,INE670K01029
niftynext50,LTM Ltd.,Information Technology,LTM,EQ,INE214T01019
niftynext50,Mazagoan Dock Shipbuilders Ltd.,Capital Goods,MAZDOCK,EQ,INE249Z01020
niftynext50,Samvardhana Motherson International Ltd.,Automobile and Auto Components,MOTHERSON,EQ,INE775A01035
niftynext50,Muthoot Finance Ltd.,Financial Services,MUTHOOTFIN,EQ,INE414G01012
niftynext50,Power Finance Corporation Ltd.,Financial Services,PFC,EQ,INE134E01011
niftynext50,Pidilite Industries Ltd.,Chemicals,PIDILITIND,EQ,INE318A01026
niftynext50,Punjab National Bank,Financial Services,PNB,EQ,INE160A01022
niftynext50,REC Ltd.,Financial Services,RECLTD,EQ,INE020B01018
niftynext50,Shree Cement Ltd.,Construction Materials,SHREECEM,EQ,INE070A01015
niftynext50,Siemens Ltd.,Capital Goods,SIEMENS,EQ,INE003A01024
niftynext50,Solar Industries India Ltd.,Chemicals,SOLARINDS,EQ,INE343H01029
niftynext50,Tata Capital Ltd.,Financial Services,TATACAP,EQ,INE976I01016
niftynext50,Tata Power Co. Ltd.,Power,TATAPOWER,EQ,INE245A01021
niftynext50,Tata Motors Ltd.,Capital Goods,TMCV,EQ,INE1TAE01010
niftynext50,Torrent Pharmaceuticals Ltd.,Healthcare,TORNTPHARM,EQ,INE685A01028
niftynext50,TVS Motor Company Ltd.,Automobile and Auto Components,TVSMOTOR,EQ,INE494B01023
niftynext50,Union Bank of India,Financial Services,UNIONBANK,EQ,INE692A01016
niftynext50,United Spirits Ltd.,Fast Moving Consumer Goods,UNITDSPR,EQ,INE854D01024
niftynext50,Varun Beverages Ltd.,Fast Moving Consumer Goods,VBL,EQ,INE200M01039
niftynext50,Vedanta Ltd.,Metals & Mining,VEDL,EQ,INE205A01025
niftynext50,Zydus Lifesciences Ltd.,Healthcare,ZYDUSLIFE,EQ,INE010B01027
niftyoilandgas,Aegis Logistics Ltd.,Oil Gas & Consumable Fuels,AEGISLOG,EQ,INE208C01025
niftyoilandgas,Aegis Vopak Terminals Ltd.,Oil Gas & Consumable Fuels,AEGISVOPAK,EQ,INE0INX01018
niftyoilandgas,Adani Total Gas Ltd.,Oil Gas & Consumable Fuels,ATGL,EQ,INE399L01023
niftyoilandgas,Bharat Petroleum Corporation Ltd.,Oil Gas & Consumable Fuels,BPCL,EQ,INE029A01011
niftyoilandgas,Castrol India Ltd.,Oil Gas & Consumable Fuels,CASTROLIND,EQ,INE172A01027
niftyoilandgas,Chennai Petroleum Corporation Ltd.,Oil Gas & Consumable Fuels,CHENNPETRO,EQ,INE178A01016
niftyoilandgas,GAIL (India) Ltd.,Oil Gas & Consumable Fuels,GAIL,EQ,INE129A01019
niftyoilandgas,Hindustan Petroleum Corporation Ltd.,Oil Gas & Consumable Fuels,HINDPETRO,EQ,INE094A01015
niftyoilandgas,Indraprastha Gas Ltd.,Oil Gas & Consumable Fuels,IGL,EQ,INE203G01027
niftyoilandgas,Indian Oil Corporation Ltd.,Oil Gas & Consumable Fuels,IOC,EQ,INE242A01010
niftyoilandgas,Mahanagar Gas Ltd.,Oil Gas & Consumable Fuels,MGL,EQ,INE002S01010
niftyoilandgas,Oil India Ltd.,Oil Gas & Consumable Fuels,OIL,EQ,INE274J01014
niftyoilandgas,Oil & Natural Gas Corporation Ltd.,Oil Gas & Consumable Fuels,ONGC,EQ,INE213A01029
niftyoilandgas,Petronet LNG Ltd.,Oil Gas & Consumable Fuels,PETRONET,EQ,INE347G01014
niftyoilandgas,Reliance Industries Ltd.,Oil Gas & Consumable Fuels,RELIANCE,EQ,INE002A01018
niftypharma,Abbott India Ltd.,Healthcare,ABBOTINDIA,EQ,INE358A01014
niftypharma,Ajanta Pharmaceuticals Ltd.,Healthcare,AJANTPHARM,EQ,INE031B01049
niftypharma,Alkem Laboratories Ltd.,Healthcare,ALKEM,EQ,INE540L01014
niftypharma,Aurobindo Pharma Ltd.,Healthcare,AUROPHARMA,EQ,INE406A01037
niftypharma,Biocon Ltd.,Healthcare,BIOCON,EQ,INE376G01013
niftypharma,Cipla Ltd.,Healthcare,CIPLA,EQ,INE059A01026
niftypharma,Divi's Laboratories Ltd.,Healthcare,DIVISLAB,EQ,INE361B01024
niftypharma,Dr. Reddy's Laboratories Ltd.,Healthcare,DRREDDY,EQ,INE089A01031
niftypharma,Gland Pharma Ltd.,Healthcare,GLAND,EQ,INE068V01023
niftypharma,Glenmark Pharmaceuticals Ltd.,Healthcare,GLENMARK,EQ,INE935A01035
niftypharma,Ipca Laboratories Ltd.,Healthcare,IPCALAB,EQ,INE571A01038
niftypharma,Laurus Labs Ltd.,Healthcare,LAURUSLABS,EQ,INE947Q01028
niftypharma,Lupin Ltd.,Healthcare,LUPIN,EQ,INE326A01037
niftypharma,Mankind Pharma Ltd.,Healthcare,MANKIND,EQ,INE634S01028
niftypharma,Piramal Pharma Ltd.,Healthcare,PPLPHARMA,EQ,INE0DK501011
niftypharma,Sai Life Sciences Ltd.,Healthcare,SAILIFE,EQ,INE570L01029
niftypharma,Sun Pharmaceutical Industries Ltd.,Healthcare,SUNPHARMA,EQ,INE044A01036
niftypharma,Torrent Pharmaceuticals Ltd.,Healthcare,TORNTPHARM,EQ,INE685A01028
niftypharma,Wockhardt Ltd.,Healthcare,WOCKPHARMA,EQ,INE049B01025
niftypharma,Zydus Lifesciences Ltd.,Healthcare,ZYDUSLIFE,EQ,INE010B01027
niftypower,ACME Solar Holdings Ltd.,Power,ACMESOLAR,EQ,INE622W01025
niftypower,Adani Energy Solutions Ltd.,Power,ADANIENSOL,EQ,INE931S01010
niftypower,Adani Green Energy Ltd.,Power,ADANIGREEN,EQ,INE364U01010
niftypower,Adani Power Ltd.,Power,ADANIPOWER,EQ,INE814H01029
niftypower,CESC Ltd.,Power,CESC,EQ,INE486A01021
niftypower,GMR Power and Urban Infra Ltd.,Power,GMRP&UI,EQ,INE0CU601026
niftypower,Jaiprakash Power Ventures Ltd.,Power,JPPOWER,EQ,INE351F01018
niftypower,JSW Energy Ltd.,Power,JSWENERGY,EQ,INE121E01018
niftypower,KPI Green Energy Ltd.,Power,KPIGREEN,EQ,INE542W01025
niftypower,Nava Ltd.,Power,NAVA,EQ,INE725A01030
niftypower,NHPC Ltd.,Power,NHPC,EQ,INE848E01016
niftypower,NLC India Ltd.,Power,NLCINDIA,EQ,INE589A01014
niftypower,NTPC Ltd.,Power,NTPC,EQ,INE733E01010
niftypower,NTPC Green Energy Ltd.,Power,NTPCGREEN,EQ,INE0ONG01011
niftypower,Power Grid Corporation of India Ltd.,Power,POWERGRID,EQ,INE752E01010
niftypower,PTC India Ltd.,Power,PTC,EQ,INE877F01012
niftypower,Reliance Power Ltd.,Power,RPOWER,EQ,INE614G01033
niftypower,RattanIndia Power Ltd.,Power,RTNPOWER,EQ,INE399K01017
niftypower,SJVN Ltd.,Power,SJVN,EQ,INE002L01015
niftypower,Tata Power Co. Ltd.,Power,TATAPOWER,EQ,INE245A01021
niftypower,Torrent Power Ltd.,Power,TORNTPOWER,EQ,INE813H01021
niftyprivatebank,Axis Bank Ltd.,Financial Services,AXISBANK,EQ,INE238A01034
niftyprivatebank,Bandhan Bank Ltd.,Financial Services,BANDHANBNK,EQ,INE545U01014
niftyprivatebank,Federal Bank Ltd.,Financial Services,FEDERALBNK,EQ,INE171A01029
niftyprivatebank,HDFC Bank Ltd.,Financial Services,HDFCBANK,EQ,INE040A01034
niftyprivatebank,ICICI Bank Ltd.,Financial Services,ICICIBANK,EQ,INE090A01021
niftyprivatebank,IDFC First Bank Ltd.,Financial Services,IDFCFIRSTB,EQ,INE092T01019
niftyprivatebank,IndusInd Bank Ltd.,Financial Services,INDUSINDBK,EQ,INE095A01012
niftyprivatebank,Kotak Mahindra Bank Ltd.,Financial Services,KOTAKBANK,EQ,INE237A01036
niftyprivatebank,RBL Bank Ltd.,Financial Services,RBLBANK,EQ,INE976G01028
niftyprivatebank,Yes Bank Ltd.,Financial Services,YESBANK,EQ,INE528G01035
niftypsubank,Bank of Baroda,Financial Services,BANKBARODA,EQ,INE028A01039
niftypsubank,Bank of India,Financial Services,BANKINDIA,EQ,INE084A01016
niftypsubank,Canara Bank,Financial Services,CANBK,EQ,INE476A01022
niftypsubank,Central Bank of India,Financial Services,CENTRALBK,EQ,INE483A01010
niftypsubank,Indian Bank,Financial Services,INDIANB,EQ,INE562A01011
niftypsubank,Indian Overseas Bank,Financial Services,IOB,EQ,INE565A01014
niftypsubank,Bank of Maharashtra,Financial Services,MAHABANK,EQ,INE457A01014
niftypsubank,Punjab National Bank,Financial Services,PNB,EQ,INE160A01022
niftypsubank,Punjab & Sind Bank,Financial Services,PSB,EQ,INE608A01012
niftypsubank,State Bank of India,Financial Services,SBIN,EQ,INE062A01020
niftypsubank,UCO Bank,Financial Services,UCOBANK,EQ,INE691A01018
niftypsubank,Union Bank of India,Financial Services,UNIONBANK,EQ,INE692A01016
niftyrealty,Aditya Birla Real Estate Ltd.,Realty,ABREL,EQ,INE055A01016
niftyrealty,Anant Raj Ltd.,Realty,ANANTRAJ,EQ,INE242C01024
niftyrealty,Brigade Enterprises Ltd.,Realty,BRIGADE,EQ,INE791I01019
niftyrealty,DLF Ltd.,Realty,DLF,EQ,INE271C01023
niftyrealty,Godrej Properties Ltd.,Realty,GODREJPROP,EQ,INE484J01027
niftyrealty,Lodha Developers Ltd.,Realty,LODHA,EQ,INE670K01029
niftyrealty,Oberoi Realty Ltd.,Realty,OBEROIRLTY,EQ,INE093I01010
niftyrealty,Phoenix Mills Ltd.,Realty,PHOENIXLTD,EQ,INE211B01039
niftyrealty,Prestige Estates Projects Ltd.,Realty,PRESTIGE,EQ,INE811K01011
niftyrealty,Sobha Ltd.,Realty,SOBHA,EQ,INE671H01015
niftyreitsandrealty,Aditya Birla Real Estate Ltd.,Realty,ABREL,EQ,INE055A01016
niftyreitsandrealty,Anant Raj Ltd.,Realty,ANANTRAJ,EQ,INE242C01024
niftyreitsandrealty,Brookfield India Real Estate Trust,Realty,BIRET,RR,INE0FDU25010
niftyreitsandrealty,Brigade Enterprises Ltd.,Realty,BRIGADE,EQ,INE791I01019
niftyreitsandrealty,DLF Ltd.,Realty,DLF,EQ,INE271C01023
niftyreitsandrealty,EMBASSY OFFICE PARKS REIT,Realty,EMBASSY,RR,INE041025011
niftyreitsandrealty,Godrej Properties Ltd.,Realty,GODREJPROP,EQ,INE484J01027
niftyreitsandrealty,Knowledge Realty Trust,Realty,KRT,RR,INE1JAR25012
niftyreitsandrealty,Lodha Developers Ltd.,Realty,LODHA,EQ,INE670K01029
niftyreitsandrealty,MINDSPACE BUSINESS PARKS REIT,Realty,MINDSPACE,RR,INE0CCU25019
niftyreitsandrealty,Nexus Select Trust,Realty,NXST,RR,INE0NDH25011
niftyreitsandrealty,Oberoi Realty Ltd.,Realty,OBEROIRLTY,EQ,INE093I01010
niftyreitsandrealty,Phoenix Mills Ltd.,Realty,PHOENIXLTD,EQ,INE211B01039
niftyreitsandrealty,Prestige Estates Projects Ltd.,Realty,PRESTIGE,EQ,INE811K01011
niftyreitsandrealty,Sobha Ltd.,Realty,SOBHA,EQ,INE671H01015
niftyretail,Aditya Birla Fashion and Retail Ltd.,Consumer Services,ABFRL,EQ,INE647O01011
niftyretail,Aditya Birla Lifestyle Brands Ltd.,Consumer Services,ABLBL,BE,INE14LE01019
niftyretail,Arvind Fashions Ltd.,Consumer Services,ARVINDFASN,EQ,INE955V01021
niftyretail,Aditya Vision Ltd.,Consumer Services,AVL,EQ,INE679V01027
niftyretail,Cartrade Tech Ltd.,Consumer Services,CARTRADE,EQ,INE290S01011
niftyretail,Crizac Ltd.,Consumer Services,CRIZAC,EQ,INE0S4R01014
niftyretail,Avenue Supermarts Ltd.,Consumer Services,DMART,EQ,INE192R01011
niftyretail,Electronics Mart India Ltd.,Consumer Services,EMIL,EQ,INE02YR01019
niftyretail,Entero Healthcare Solutions Ltd.,Consumer Services,ENTERO,EQ,INE010601016
niftyretail,Eternal Ltd.,Consumer Services,ETERNAL,EQ,INE758T01015
niftyretail,Brainbees Solutions Ltd.,Consumer Services,FIRSTCRY,EQ,INE02RE01045
niftyretail,Indiamart Intermesh Ltd.,Consumer Services,INDIAMART,EQ,INE933S01016
niftyretail,Justdial Ltd.,Consumer Services,JUSTDIAL,EQ,INE599M01018
niftyretail,Lenskart Solutions Ltd.,Consumer Services,LENSKART,EQ,INE956O01016
niftyretail,Vedant Fashions Ltd.,Consumer Services,MANYAVAR,EQ,INE825V01034
niftyretail,Medplus Health Services Ltd.,Consumer Services,MEDPLUS,EQ,INE804L01022
niftyretail,Meesho Ltd.,Consumer Services,MEESHO,EQ,INE0VDM01015
niftyretail,Info Edge (India) Ltd.,Consumer Services,NAUKRI,EQ,INE663F01032
niftyretail,FSN E-Commerce Ventures Ltd.,Consumer Services,NYKAA,EQ,INE388Y01029
niftyretail,RattanIndia Enterprises Ltd.,Consumer Services,RTNINDIA,EQ,INE834M01019
niftyretail,Swiggy Ltd.,Consumer Services,SWIGGY,EQ,INE00H001014
niftyretail,Trent Ltd.,Consumer Services,TRENT,EQ,INE849A01020
niftyretail,Urban Company Ltd.,Consumer Services,URBANCO,EQ,INE0CAZ01013
niftyretail,V2 Retail Ltd.,Consumer Services,V2RETAIL,EQ,INE945H01021
niftyretail,V-Mart Retail Ltd.,Consumer Services,VMART,EQ,INE665J01013
niftyretail,Vishal Mega Mart Ltd.,Consumer Services,VMM,EQ,INE01EA01019
niftyservicessector,Adani Ports and Special Economic Zone Ltd.,Services,ADANIPORTS,EQ,INE742F01042
niftyservicessector,Apollo Hospitals Enterprise Ltd.,Healthcare,APOLLOHOSP,EQ,INE437A01024
niftyservicessector,Axis Bank Ltd.,Financial Services,AXISBANK,EQ,INE238A01034
niftyservicessector,Bajaj Finserv Ltd.,Financial Services,BAJAJFINSV,EQ,INE918I01026
niftyservicessector,Bajaj Finance Ltd.,Financial Services,BAJFINANCE,EQ,INE296A01032
niftyservicessector,Bharti Airtel Ltd.,Telecommunication,BHARTIARTL,EQ,INE397D01024
niftyservicessector,BSE Ltd.,Financial Services,BSE,EQ,INE118H01025
niftyservicessector,Avenue Supermarts Ltd.,Consumer Services,DMART,EQ,INE192R01011
niftyservicessector,Eternal Ltd.,Consumer Services,ETERNAL,EQ,INE758T01015
niftyservicessector,GAIL (India) Ltd.,Oil Gas & Consumable Fuels,GAIL,EQ,INE129A01019
niftyservicessector,HCL Technologies Ltd.,Information Technology,HCLTECH,EQ,INE860A01027
niftyservicessector,HDFC Bank Ltd.,Financial Services,HDFCBANK,EQ,INE040A01034
niftyservicessector,HDFC Life Insurance Company Ltd.,Financial Services,HDFCLIFE,EQ,INE795G01014
niftyservicessector,ICICI Bank Ltd.,Financial Services,ICICIBANK,EQ,INE090A01021
niftyservicessector,InterGlobe Aviation Ltd.,Services,INDIGO,EQ,INE646L01027
niftyservicessector,IndusInd Bank Ltd.,Financial Services,INDUSINDBK,EQ,INE095A01012
niftyservicessector,Infosys Ltd.,Information Technology,INFY,EQ,INE009A01021
niftyservicessector,Jio Financial Services Ltd.,Financial Services,JIOFIN,EQ,INE758E01017
niftyservicessector,Kotak Mahindra Bank Ltd.,Financial Services,KOTAKBANK,EQ,INE237A01036
niftyservicessector,Max Healthcare Institute Ltd.,Healthcare,MAXHEALTH,EQ,INE027H01010
niftyservicessector,Info Edge (India) Ltd.,Consumer Services,NAUKRI,EQ,INE663F01032
niftyservicessector,NTPC Ltd.,Power,NTPC,EQ,INE733E01010
niftyservicessector,Power Grid Corporation of India Ltd.,Power,POWERGRID,EQ,INE752E01010
niftyservicessector,SBI Life Insurance Company Ltd.,Financial Services,SBILIFE,EQ,INE123W01016
niftyservicessector,State Bank of India,Financial Services,SBIN,EQ,INE062A01020
niftyservicessector,Shriram Finance Ltd.,Financial Services,SHRIRAMFIN,EQ,INE721A01047
niftyservicessector,Tata Power Co. Ltd.,Power,TATAPOWER,EQ,INE245A01021
niftyservicessector,Tata Consultancy Services Ltd.,Information Technology,TCS,EQ,INE467B01029
niftyservicessector,Tech Mahindra Ltd.,Information Technology,TECHM,EQ,INE669C01036
niftyservicessector,Wipro Ltd.,Information Technology,WIPRO,EQ,INE075A01022
niftysmallcap250,Aadhar Housing Finance Ltd.,Financial Services,AADHARHFC,EQ,INE883F01010
niftysmallcap250,Aarti Industries Ltd.,Chemicals,AARTIIND,EQ,INE769A01020
niftysmallcap250,Aavas Financiers Ltd.,Financial Services,AAVAS,EQ,INE216P01012
niftysmallcap250,Allied Blenders and Distillers Ltd.,Fast Moving Consumer Goods,ABDL,EQ,INE552Z01027
niftysmallcap250,Aditya Birla Fashion and Retail Ltd.,Consumer Services,ABFRL,EQ,INE647O01011
niftysmallcap250,Aditya Birla Lifestyle Brands Ltd.,Consumer Services,ABLBL,EQ,INE14LE01019
niftysmallcap250,Aditya Birla Real Estate Ltd.,Realty,ABREL,EQ,INE055A01016
niftysmallcap250,Aditya Birla Sun Life AMC Ltd.,Financial Services,ABSLAMC,EQ,INE404A01024
niftysmallcap250,Action Construction Equipment Ltd.,Capital Goods,ACE,EQ,INE731H01025
niftysmallcap250,ACME Solar Holdings Ltd.,Power,ACMESOLAR,EQ,INE622W01025
niftysmallcap250,Acutaas Chemicals Ltd.,Healthcare,ACUTAAS,EQ,INE00FF01025
niftysmallcap250,Aegis Logistics Ltd.,Oil Gas & Consumable Fuels,AEGISLOG,EQ,INE208C01025
niftysmallcap250,Aegis Vopak Terminals Ltd.,Oil Gas & Consumable Fuels,AEGISVOPAK,EQ,INE0INX01018
niftysmallcap250,Afcons Infrastructure Ltd.,Construction,AFCONS,EQ,INE101I01011
niftysmallcap250,Affle 3i Ltd.,Information Technology,AFFLE,EQ,INE00WC01027
niftysmallcap250,Amber Enterprises India Ltd.,Consumer Durables,AMBER,EQ,INE371P01015
niftysmallcap250,Anand Rathi Wealth Ltd.,Financial Services,ANANDRATHI,EQ,INE463V01026
niftysmallcap250,Anant Raj Ltd.,Realty,ANANTRAJ,EQ,INE242C01024
niftysmallcap250,Angel One Ltd.,Financial Services,ANGELONE,EQ,INE732I01021
niftysmallcap250,Anupam Rasayan India Ltd.,Chemicals,ANURAS,EQ,INE930P01018
niftysmallcap250,Aptus Value Housing Finance India Ltd.,Financial Services,APTUS,EQ,INE852O01025
niftysmallcap250,Amara Raja Energy & Mobility Ltd.,Automobile and Auto Components,ARE&M,EQ,INE885A01032
niftysmallcap250,Asahi India Glass Ltd.,Automobile and Auto Components,ASAHIINDIA,EQ,INE439A01020
niftysmallcap250,Aster DM Quality Care Ltd.,Healthcare,ASTERDM,EQ,INE914M01019
niftysmallcap250,Ather Energy Ltd.,Automobile and Auto Components,ATHERENERG,EQ,INE0LEZ01016
niftysmallcap250,Atul Ltd.,Chemicals,ATUL,EQ,INE100A01010
niftysmallcap250,Balrampur Chini Mills Ltd.,Fast Moving Consumer Goods,BALRAMCHIN,EQ,INE119A01028
niftysmallcap250,Bandhan Bank Ltd.,Financial Services,BANDHANBNK,EQ,INE545U01014
niftysmallcap250,Bata India Ltd.,Consumer Durables,BATAINDIA,EQ,INE176A01028
niftysmallcap250,Bayer Cropscience Ltd.,Chemicals,BAYERCROP,EQ,INE462A01022
niftysmallcap250,Bombay Burmah Trading Corporation Ltd.,Fast Moving Consumer Goods,BBTC,EQ,INE050A01025
niftysmallcap250,Belrise Industries Ltd.,Automobile and Auto Components,BELRISE,EQ,INE894V01022
niftysmallcap250,BEML Ltd.,Capital Goods,BEML,EQ,INE258A01024
niftysmallcap250,Bikaji Foods International Ltd.,Fast Moving Consumer Goods,BIKAJI,EQ,INE00E101023
niftysmallcap250,BLS International Services Ltd.,Consumer Services,BLS,EQ,INE153T01027
niftysmallcap250,Blue Dart Express Ltd.,Services,BLUEDART,EQ,INE233B01017
niftysmallcap250,Blue Jet Healthcare Ltd.,Healthcare,BLUEJET,EQ,INE0KBH01020
niftysmallcap250,Brigade Enterprises Ltd.,Realty,BRIGADE,EQ,INE791I01019
niftysmallcap250,Birlasoft Ltd.,Information Technology,BSOFT,EQ,INE836A01035
niftysmallcap250,Computer Age Management Services Ltd.,Financial Services,CAMS,EQ,INE596I01020
niftysmallcap250,Can Fin Homes Ltd.,Financial Services,CANFINHOME,EQ,INE477A01020
niftysmallcap250,Canara HSBC Life Insurance Company Ltd.,Financial Services,CANHLIFE,EQ,INE01TY01017
niftysmallcap250,Caplin Point Laboratories Ltd.,Healthcare,CAPLIPOINT,EQ,INE475E01026
niftysmallcap250,Carborundum Universal Ltd.,Capital Goods,CARBORUNIV,EQ,INE120A01034
niftysmallcap250,Cartrade Tech Ltd.,Consumer Services,CARTRADE,EQ,INE290S01011
niftysmallcap250,Castrol India Ltd.,Oil Gas & Consumable Fuels,CASTROLIND,EQ,INE172A01027
niftysmallcap250,CCL Products (I) Ltd.,Fast Moving Consumer Goods,CCL,EQ,INE421D01022
niftysmallcap250,Central Depository Services (India) Ltd.,Financial Services,CDSL,EQ,INE736A01011
niftysmallcap250,Ceat Ltd.,Automobile and Auto Components,CEATLTD,EQ,INE482A01020
niftysmallcap250,Cemindia Projects Ltd.,Construction,CEMPRO,EQ,INE686A01026
niftysmallcap250,Central Bank of India,Financial Services,CENTRALBK,EQ,INE483A01010
niftysmallcap250,CESC Ltd.,Power,CESC,EQ,INE486A01021
niftysmallcap250,Capri Global Capital Ltd.,Financial Services,CGCL,EQ,INE180C01042
niftysmallcap250,Chalet Hotels Ltd.,Consumer Services,CHALET,EQ,INE427F01016
niftysmallcap250,Chambal Fertilizers & Chemicals Ltd.,Chemicals,CHAMBLFERT,EQ,INE085A01013
niftysmallcap250,Chennai Petroleum Corporation Ltd.,Oil Gas & Consumable Fuels,CHENNPETRO,EQ,INE178A01016
niftysmallcap250,Choice International Ltd.,Financial Services,CHOICEIN,EQ,INE102B01014
niftysmallcap250,Cholamandalam Financial Holdings Ltd.,Financial Services,CHOLAHLDNG,EQ,INE149A01033
niftysmallcap250,CIE Automotive India Ltd.,Automobile and Auto Components,CIEINDIA,EQ,INE536H01010
niftysmallcap250,Clean Science and Technology Ltd.,Chemicals,CLEAN,EQ,INE227W01023
niftysmallcap250,Cohance Lifesciences Ltd.,Healthcare,COHANCE,EQ,INE03QK01018
niftysmallcap250,Concord Biotech Ltd.,Healthcare,CONCORDBIO,EQ,INE338H01029
niftysmallcap250,Aditya Infotech Ltd.,Capital Goods,CPPLUS,EQ,INE819V01029
niftysmallcap250,Craftsman Automation Ltd.,Automobile and Auto Components,CRAFTSMAN,EQ,INE00LO01017
niftysmallcap250,CreditAccess Grameen Ltd.,Financial Services,CREDITACC,EQ,INE741K01010
niftysmallcap250,Crompton Greaves Consumer Electricals Ltd.,Consumer Durables,CROMPTON,EQ,INE299U01018
niftysmallcap250,City Union Bank Ltd.,Financial Services,CUB,EQ,INE491A01021
niftysmallcap250,Cyient Ltd.,Information Technology,CYIENT,EQ,INE136B01020
niftysmallcap250,Data Patterns (India) Ltd.,Capital Goods,DATAPATTNS,EQ,INE0IX101010
niftysmallcap250,DCM Shriram Ltd.,Diversified,DCMSHRIRAM,EQ,INE499A01024
niftysmallcap250,Deepak Fertilisers & Petrochemicals Corp. Ltd.,Chemicals,DEEPAKFERT,EQ,INE501A01019
niftysmallcap250,Deepak Nitrite Ltd.,Chemicals,DEEPAKNTR,EQ,INE288B01029
niftysmallcap250,Delhivery Ltd.,Services,DELHIVERY,EQ,INE148O01028
niftysmallcap250,Devyani International Ltd.,Consumer Services,DEVYANI,EQ,INE872J01023
niftysmallcap250,DOMS Industries Ltd.,Fast Moving Consumer Goods,DOMS,EQ,INE321T01012
niftysmallcap250,eClerx Services Ltd.,Services,ECLERX,EQ,INE738I01010
niftysmallcap250,E.I.D. Parry (India) Ltd.,Fast Moving Consumer Goods,EIDPARRY,EQ,INE126A01031
niftysmallcap250,EIH Ltd.,Consumer Services,EIHOTEL,EQ,INE230A01023
niftysmallcap250,Elecon Engineering Co. Ltd.,Capital Goods,ELECON,EQ,INE205B01031
niftysmallcap250,Elgi Equipments Ltd.,Capital Goods,ELGIEQUIP,EQ,INE285A01027
niftysmallcap250,Emami Ltd.,Fast Moving Consumer Goods,EMAMILTD,EQ,INE548C01032
niftysmallcap250,Emcure Pharmaceuticals Ltd.,Healthcare,EMCURE,EQ,INE168P01015
niftysmallcap250,Emmvee Photovoltaic Power Ltd.,Capital Goods,EMMVEE,EQ,INE1C6T01020
niftysmallcap250,Engineers India Ltd.,Construction,ENGINERSIN,EQ,INE510A01028
niftysmallcap250,Eris Lifesciences Ltd.,Healthcare,ERIS,EQ,INE406M01024
niftysmallcap250,Fertilisers and Chemicals Travancore Ltd.,Chemicals,FACT,EQ,INE188A01015
niftysmallcap250,Finolex Cables Ltd.,Capital Goods,FINCABLES,EQ,INE235A01022
niftysmallcap250,Brainbees Solutions Ltd.,Consumer Services,FIRSTCRY,EQ,INE02RE01045
niftysmallcap250,Five-Star Business Finance Ltd.,Financial Services,FIVESTAR,EQ,INE128S01021
niftysmallcap250,Force Motors Ltd.,Automobile and Auto Components,FORCEMOT,EQ,INE451A01017
niftysmallcap250,Firstsource Solutions Ltd.,Services,FSL,EQ,INE684F01012
niftysmallcap250,Gabriel India Ltd.,Automobile and Auto Components,GABRIEL,EQ,INE524A01029
niftysmallcap250,Gallantt Ispat Ltd.,Capital Goods,GALLANTT,EQ,INE297H01019
niftysmallcap250,Great Eastern Shipping Co. Ltd.,Services,GESHIP,EQ,INE017A01032
niftysmallcap250,Gillette India Ltd.,Fast Moving Consumer Goods,GILLETTE,EQ,INE322A01010
niftysmallcap250,Gland Pharma Ltd.,Healthcare,GLAND,EQ,INE068V01023
niftysmallcap250,Gujarat Mineral Development Corporation Ltd.,Metals & Mining,GMDCLTD,EQ,INE131A01031
niftysmallcap250,Go Digit General Insurance Ltd.,Financial Services,GODIGIT,EQ,INE03JT01014
niftysmallcap250,Godawari Power & Ispat Ltd.,Capital Goods,GPIL,EQ,INE177H01039
niftysmallcap250,Granules India Ltd.,Healthcare,GRANULES,EQ,INE101D01020
niftysmallcap250,Graphite India Ltd.,Capital Goods,GRAPHITE,EQ,INE371A01025
niftysmallcap250,Gravita India Ltd.,Metals & Mining,GRAVITA,EQ,INE024L01027
niftysmallcap250,Garden Reach Shipbuilders & Engineers Ltd.,Capital Goods,GRSE,EQ,INE382Z01011
niftysmallcap250,HBL Engineering Ltd.,Capital Goods,HBLENGINE,EQ,INE292B01021
niftysmallcap250,H.E.G. Ltd.,Capital Goods,HEG,EQ,INE545A01024
niftysmallcap250,HFCL Ltd.,Telecommunication,HFCL,EQ,INE548A01028
niftysmallcap250,Hindustan Copper Ltd.,Metals & Mining,HINDCOPPER,EQ,INE531E01026
niftysmallcap250,Home First Finance Company India Ltd.,Financial Services,HOMEFIRST,EQ,INE481N01025
niftysmallcap250,Honasa Consumer Ltd.,Fast Moving Consumer Goods,HONASA,EQ,INE0J5401028
niftysmallcap250,Himadri Speciality Chemical Ltd.,Chemicals,HSCL,EQ,INE019C01026
niftysmallcap250,IDBI Bank Ltd.,Financial Services,IDBI,EQ,INE008A01015
niftysmallcap250,Indian Energy Exchange Ltd.,Financial Services,IEX,EQ,INE022Q01020
niftysmallcap250,IFCI Ltd.,Financial Services,IFCI,EQ,INE039A01010
niftysmallcap250,International Gemological Institute Ltd.,Services,IGIL,EQ,INE0Q9301021
niftysmallcap250,Indraprastha Gas Ltd.,Oil Gas & Consumable Fuels,IGL,EQ,INE203G01027
niftysmallcap250,IIFL Finance Ltd.,Financial Services,IIFL,EQ,INE530B01024
niftysmallcap250,Inventurus Knowledge Solutions Ltd.,Information Technology,IKS,EQ,INE115Q01022
niftysmallcap250,Indegene Ltd.,Healthcare,INDGN,EQ,INE065X01017
niftysmallcap250,India Cements Ltd.,Construction Materials,INDIACEM,EQ,INE383A01012
niftysmallcap250,Indiamart Intermesh Ltd.,Consumer Services,INDIAMART,EQ,INE933S01016
niftysmallcap250,Inox Wind Ltd.,Capital Goods,INOXWIND,EQ,INE066P01011
niftysmallcap250,Intellect Design Arena Ltd.,Information Technology,INTELLECT,EQ,INE306R01017
niftysmallcap250,Indian Overseas Bank,Financial Services,IOB,EQ,INE565A01014
niftysmallcap250,IRB Infrastructure Developers Ltd.,Construction,IRB,EQ,INE821I01022
niftysmallcap250,IRCON International Ltd.,Construction,IRCON,EQ,INE962Y01021
niftysmallcap250,ITI Ltd.,Telecommunication,ITI,EQ,INE248A01017
niftysmallcap250,Jammu & Kashmir Bank Ltd.,Financial Services,J&KBANK,EQ,INE168A01041
niftysmallcap250,Jain Resource Recycling Ltd.,Metals & Mining,JAINREC,EQ,INE0YD401026
niftysmallcap250,JBM Auto Ltd.,Automobile and Auto Components,JBMA,EQ,INE927D01051
niftysmallcap250,Jindal Saw Ltd.,Capital Goods,JINDALSAW,EQ,INE324A01032
niftysmallcap250,JK Tyre & Industries Ltd.,Automobile and Auto Components,JKTYRE,EQ,INE573A01042
niftysmallcap250,JM Financial Ltd.,Financial Services,JMFINANCIL,EQ,INE780C01023
niftysmallcap250,Jaiprakash Power Ventures Ltd.,Power,JPPOWER,EQ,INE351F01018
niftysmallcap250,JSW Cement Ltd.,Construction Materials,JSWCEMENT,EQ,INE718I01012
niftysmallcap250,JSW Dulux Ltd.,Consumer Durables,JSWDULUX,EQ,INE133A01011
niftysmallcap250,Jubilant Ingrevia Ltd.,Chemicals,JUBLINGREA,EQ,INE0BY001018
niftysmallcap250,Jubilant Pharmova Ltd.,Healthcare,JUBLPHARMA,EQ,INE700A01033
niftysmallcap250,Jupiter Wagons Ltd.,Capital Goods,JWL,EQ,INE209L01016
niftysmallcap250,Jyoti CNC Automation Ltd.,Capital Goods,JYOTICNC,EQ,INE980O01024
niftysmallcap250,Kajaria Ceramics Ltd.,Consumer Durables,KAJARIACER,EQ,INE217B01036
niftysmallcap250,Karur Vysya Bank Ltd.,Financial Services,KARURVYSYA,EQ,INE036D01028
niftysmallcap250,Kaynes Technology India Ltd.,Capital Goods,KAYNES,EQ,INE918Z01012
niftysmallcap250,Kec International Ltd.,Construction,KEC,EQ,INE389H01022
niftysmallcap250,Kfin Technologies Ltd.,Financial Services,KFINTECH,EQ,INE138Y01010
niftysmallcap250,Krishna Institute of Medical Sciences Ltd.,Healthcare,KIMS,EQ,INE967H01025
niftysmallcap250,Kirloskar Oil Eng Ltd.,Capital Goods,KIRLOSENG,EQ,INE146L01010
niftysmallcap250,Kalpataru Projects International Ltd.,Construction,KPIL,EQ,INE220B01022
niftysmallcap250,Dr. Lal Path Labs Ltd.,Healthcare,LALPATHLAB,EQ,INE600L01024
niftysmallcap250,Latent View Analytics Ltd.,Information Technology,LATENTVIEW,EQ,INE0I7C01011
niftysmallcap250,Lemon Tree Hotels Ltd.,Consumer Services,LEMONTREE,EQ,INE970X01018
niftysmallcap250,LT Foods Ltd.,Fast Moving Consumer Goods,LTFOODS,EQ,INE818H01020
niftysmallcap250,Manappuram Finance Ltd.,Financial Services,MANAPPURAM,EQ,INE522D01027
niftysmallcap250,C.E. Info Systems Ltd.,Information Technology,MAPMYINDIA,EQ,INE0BV301023
niftysmallcap250,Meesho Ltd.,Consumer Services,MEESHO,EQ,INE0VDM01015
niftysmallcap250,Mahanagar Gas Ltd.,Oil Gas & Consumable Fuels,MGL,EQ,INE002S01010
niftysmallcap250,Minda Corporation Ltd.,Automobile and Auto Components,MINDACORP,EQ,INE842C01021
niftysmallcap250,MMTC Ltd.,Services,MMTC,EQ,INE123F01029
niftysmallcap250,Mangalore Refinery & Petrochemicals Ltd.,Oil Gas & Consumable Fuels,MRPL,EQ,INE103A01014
niftysmallcap250,Motherson Sumi Wiring India Ltd.,Automobile and Auto Components,MSUMI,EQ,INE0FS801015
niftysmallcap250,NATCO Pharma Ltd.,Healthcare,NATCOPHARM,EQ,INE987B01026
niftysmallcap250,Nava Ltd.,Power,NAVA,EQ,INE725A01030
niftysmallcap250,Navin Fluorine International Ltd.,Chemicals,NAVINFLUOR,EQ,INE048G01026
niftysmallcap250,NBCC (India) Ltd.,Construction,NBCC,EQ,INE095N01031
niftysmallcap250,NCC Ltd.,Construction,NCC,EQ,INE868B01028
niftysmallcap250,Netweb Technologies India Ltd.,Information Technology,NETWEB,EQ,INE0NT901020
niftysmallcap250,Neuland Laboratories Ltd.,Healthcare,NEULANDLAB,EQ,INE794A01010
niftysmallcap250,Newgen Software Technologies Ltd.,Information Technology,NEWGEN,EQ,INE619B01017
niftysmallcap250,Narayana Hrudayalaya Ltd.,Healthcare,NH,EQ,INE410P01011
niftysmallcap250,Niva Bupa Health Insurance Company Ltd.,Financial Services,NIVABUPA,EQ,INE995S01015
niftysmallcap250,NMDC Steel Ltd.,Metals & Mining,NSLNISP,EQ,INE0NNS01018
niftysmallcap250,Nuvama Wealth Management Ltd.,Financial Services,NUVAMA,EQ,INE531F01023
niftysmallcap250,Nuvoco Vistas Corporation Ltd.,Construction Materials,NUVOCO,EQ,INE118D01016
niftysmallcap250,Ola Electric Mobility Ltd.,Automobile and Auto Components,OLAELEC,EQ,INE0LXG01040
niftysmallcap250,Olectra Greentech Ltd.,Automobile and Auto Components,OLECTRA,EQ,INE260D01016
niftysmallcap250,Onesource Specialty Pharma Ltd.,Healthcare,ONESOURCE,EQ,INE013P01021
niftysmallcap250,Paradeep Phosphates Ltd.,Chemicals,PARADEEP,EQ,INE088F01024
niftysmallcap250,PCBL Chemical Ltd.,Chemicals,PCBL,EQ,INE602A01031
niftysmallcap250,Pfizer Ltd.,Healthcare,PFIZER,EQ,INE182A01018
niftysmallcap250,Prime Focus Ltd.,Media Entertainment & Publication,PFOCUS,EQ,INE367G01038
niftysmallcap250,PG Electroplast Ltd.,Consumer Durables,PGEL,EQ,INE457L01029
niftysmallcap250,Pine Labs Ltd.,Financial Services,PINELABS,EQ,INE15B701018
niftysmallcap250,Piramal Finance Ltd.,Financial Services,PIRAMALFIN,EQ,INE202B01038
niftysmallcap250,PNB Housing Finance Ltd.,Financial Services,PNBHOUSING,EQ,INE572E01012
niftysmallcap250,Poly Medicure Ltd.,Healthcare,POLYMED,EQ,INE205C01021
niftysmallcap250,Poonawalla Fincorp Ltd.,Financial Services,POONAWALLA,EQ,INE511C01022
niftysmallcap250,Piramal Pharma Ltd.,Healthcare,PPLPHARMA,EQ,INE0DK501011
niftysmallcap250,PTC Industries Ltd.,Capital Goods,PTCIL,EQ,INE596F01018
niftysmallcap250,PVR INOX Ltd.,Media Entertainment & Publication,PVRINOX,EQ,INE191H01014
niftysmallcap250,Physicswallah Ltd.,Consumer Services,PWL,EQ,INE0LP301011
niftysmallcap250,Railtel Corporation Of India Ltd.,Telecommunication,RAILTEL,EQ,INE0DD101019
niftysmallcap250,Rainbow Childrens Medicare Ltd.,Healthcare,RAINBOW,EQ,INE961O01016
niftysmallcap250,The Ramco Cements Ltd.,Construction Materials,RAMCOCEM,EQ,INE331A01037
niftysmallcap250,RBL Bank Ltd.,Financial Services,RBLBANK,EQ,INE976G01028
niftysmallcap250,Redington Ltd.,Services,REDINGTON,EQ,INE891D01026
niftysmallcap250,RHI MAGNESITA INDIA LTD.,Capital Goods,RHIM,EQ,INE743M01012
niftysmallcap250,RITES Ltd.,Construction,RITES,EQ,INE320J01015
niftysmallcap250,Ramkrishna Forgings Ltd.,Automobile and Auto Components,RKFORGE,EQ,INE399G01023
niftysmallcap250,Reliance Power Ltd.,Power,RPOWER,EQ,INE614G01033
niftysmallcap250,R R Kabel Ltd.,Capital Goods,RRKABEL,EQ,INE777K01022
niftysmallcap250,Sagility Ltd.,Information Technology,SAGILITY,EQ,INE0W2G01015
niftysmallcap250,Sai Life Sciences Ltd.,Healthcare,SAILIFE,EQ,INE570L01029
niftysmallcap250,Sammaan Capital Ltd.,Financial Services,SAMMAANCAP,EQ,INE148I01020
niftysmallcap250,Sapphire Foods India Ltd.,Consumer Services,SAPPHIRE,EQ,INE806T01020
niftysmallcap250,Sarda Energy and Minerals Ltd.,Metals & Mining,SARDAEN,EQ,INE385C01021
niftysmallcap250,Saregama India Ltd,Media Entertainment & Publication,SAREGAMA,EQ,INE979A01025
niftysmallcap250,SBFC Finance Ltd.,Financial Services,SBFC,EQ,INE423Y01016
niftysmallcap250,Schneider Electric Infrastructure Ltd.,Capital Goods,SCHNEIDER,EQ,INE839M01018
niftysmallcap250,Shipping Corporation of India Ltd.,Services,SCI,EQ,INE109A01011
niftysmallcap250,Shyam Metalics and Energy Ltd.,Capital Goods,SHYAMMETL,EQ,INE810G01011
niftysmallcap250,Signatureglobal (India) Ltd.,Realty,SIGNATURE,EQ,INE903U01023
niftysmallcap250,Sobha Ltd.,Realty,SOBHA,EQ,INE671H01015
niftysmallcap250,Sona BLW Precision Forgings Ltd.,Automobile and Auto Components,SONACOMS,EQ,INE073K01018
niftysmallcap250,Sonata Software Ltd.,Information Technology,SONATSOFTW,EQ,INE269A01021
niftysmallcap250,Supreme Petrochem Ltd.,Chemicals,SPLPETRO,EQ,INE663A01033
niftysmallcap250,Star Health and Allied Insurance Company Ltd.,Financial Services,STARHEALTH,EQ,INE575P01011
niftysmallcap250,Sumitomo Chemical India Ltd.,Chemicals,SUMICHEM,EQ,INE258G01013
niftysmallcap250,Sun TV Network Ltd.,Media Entertainment & Publication,SUNTV,EQ,INE424H01027
niftysmallcap250,Swan Corp Ltd.,Chemicals,SWANCORP,EQ,INE665A01038
niftysmallcap250,Syngene International Ltd.,Healthcare,SYNGENE,EQ,INE398R01022
niftysmallcap250,Syrma SGS Technology Ltd.,Capital Goods,SYRMA,EQ,INE0DYJ01015
niftysmallcap250,Transformers And Rectifiers (India) Ltd.,Capital Goods,TARIL,EQ,INE763I01026
niftysmallcap250,Tata Chemicals Ltd.,Chemicals,TATACHEM,EQ,INE092A01019
niftysmallcap250,Tata Technologies Ltd.,Information Technology,TATATECH,EQ,INE142M01025
niftysmallcap250,TBO Tek Ltd.,Consumer Services,TBOTEK,EQ,INE673O01025
niftysmallcap250,Techno Electric & Engineering Company Ltd.,Construction,TECHNOE,EQ,INE285K01026
niftysmallcap250,Tega Industries Ltd.,Capital Goods,TEGA,EQ,INE011K01018
niftysmallcap250,Tejas Networks Ltd.,Telecommunication,TEJASNET,EQ,INE010J01012
niftysmallcap250,Tenneco Clean Air India Ltd.,Automobile and Auto Components,TENNIND,EQ,INE19RI01016
niftysmallcap250,Leela Palaces Hotels & Resorts Ltd.,Consumer Services,THELEELA,EQ,INE0AQ201015
niftysmallcap250,Timken India Ltd.,Capital Goods,TIMKEN,EQ,INE325A01013
niftysmallcap250,Titagarh Rail Systems Ltd.,Capital Goods,TITAGARH,EQ,INE615H01020
niftysmallcap250,Travel Food Services Ltd.,Consumer Services,TRAVELFOOD,EQ,INE103V01028
niftysmallcap250,Trident Ltd.,Textiles,TRIDENT,EQ,INE064C01022
niftysmallcap250,Triveni Turbine Ltd.,Capital Goods,TRITURBINE,EQ,INE152M01016
niftysmallcap250,Tata Teleservices (Maharashtra) Ltd.,Telecommunication,TTML,EQ,INE517B01013
niftysmallcap250,UCO Bank,Financial Services,UCOBANK,EQ,INE691A01018
niftysmallcap250,Urban Company Ltd.,Consumer Services,URBANCO,EQ,INE0CAZ01013
niftysmallcap250,Usha Martin Ltd.,Capital Goods,USHAMART,EQ,INE228A01035
niftysmallcap250,UTI Asset Management Company Ltd.,Financial Services,UTIAMC,EQ,INE094J01016
niftysmallcap250,Vijaya Diagnostic Centre Ltd.,Healthcare,VIJAYA,EQ,INE043W01024
niftysmallcap250,Vardhman Textiles Ltd.,Textiles,VTL,EQ,INE825A01020
niftysmallcap250,Welspun Corp Ltd.,Capital Goods,WELCORP,EQ,INE191B01025
niftysmallcap250,Welspun Living Ltd.,Textiles,WELSPUNLIV,EQ,INE192B01031
niftysmallcap250,Whirlpool of India Ltd.,Consumer Durables,WHIRLPOOL,EQ,INE716A01013
niftysmallcap250,Wockhardt Ltd.,Healthcare,WOCKPHARMA,EQ,INE049B01025
niftysmallcap250,Zee Entertainment Enterprises Ltd.,Media Entertainment & Publication,ZEEL,EQ,INE256A01028
niftysmallcap250,Zensar Technolgies Ltd.,Information Technology,ZENSARTECH,EQ,INE520A01027
niftysmallcap250,Zen Technologies Ltd.,Capital Goods,ZENTEC,EQ,INE251B01027
niftysmallcap250,ZF Commercial Vehicle Control Systems India Ltd.,Automobile and Auto Components,ZFCVINDIA,EQ,INE342J01019
niftysmallcap250,Zydus Wellness Ltd.,Fast Moving Consumer Goods,ZYDUSWELL,EQ,INE768C01028
niftytelecommunications,Bharti Airtel Ltd.,Telecommunication,BHARTIARTL,EQ,INE397D01024
niftytelecommunications,Bharti Hexacom Ltd.,Telecommunication,BHARTIHEXA,EQ,INE343G01021
niftytelecommunications,HFCL Ltd.,Telecommunication,HFCL,EQ,INE548A01028
niftytelecommunications,Vodafone Idea Ltd.,Telecommunication,IDEA,EQ,INE669E01016
niftytelecommunications,Indus Towers Ltd.,Telecommunication,INDUSTOWER,EQ,INE121J01017
niftytelecommunications,ITI Ltd.,Telecommunication,ITI,EQ,INE248A01017
niftytelecommunications,Optiemus Infracom Ltd.,Telecommunication,OPTIEMUS,EQ,INE350C01017
niftytelecommunications,Railtel Corporation Of India Ltd.,Telecommunication,RAILTEL,EQ,INE0DD101019
niftytelecommunications,Route Mobile Ltd.,Telecommunication,ROUTE,EQ,INE450U01017
niftytelecommunications,Sterlite Technologies Ltd.,Telecommunication,STLTECH,BE,INE089C01029
niftytelecommunications,Tata Communications Ltd.,Telecommunication,TATACOMM,EQ,INE151A01013
niftytelecommunications,Tejas Networks Ltd.,Telecommunication,TEJASNET,EQ,INE010J01012
niftytelecommunications,Tata Teleservices (Maharashtra) Ltd.,Telecommunication,TTML,EQ,INE517B01013
